instruction,output,
支払期限とは何ですか？,支払期限とは、請求書に記載された支払いを完了すべき期限の日付です。,
支払期限を過ぎた場合はどう対応しますか？,まず顧客に支払い状況を確認し、必要に応じて督促を行います。,
督促とは何ですか？,督促とは、支払期限を過ぎても支払いが行われていない場合に、支払いを促す連絡を行うことです。,
再請求とは何ですか？,再請求とは、未払いの請求に対して、改めて請求書を発行することです。,
未収金とは何ですか？,未収金とは、すでに請求済みであるが、まだ回収されていない金額のことです。,
前払いと後払いの違いは何ですか？,前払いはサービス提供前に支払う方式で、後払いはサービス提供後に支払う方式です。,
支払方法にはどのような種類がありますか？,銀行振込、クレジットカード、口座振替などがあります。,
口座振替とは何ですか？,口座振替とは、あらかじめ登録された銀行口座から自動的に支払いが行われる方法です。,
請求金額に誤りがあった場合はどうしますか？,取引内容を確認し、誤りがあれば正しい金額で修正請求書を発行します。,
二重請求が発生した場合の対応は？,事実確認を行い、二重で請求していた場合は速やかに返金または相殺処理を行います。,
返金処理とは何ですか？,返金処理とは、誤って受領した金額や過剰に受領した金額を顧客に返す手続きです。,
消費税とは何ですか？,消費税とは、商品やサービスの提供に対して課される税金です。,
請求書に消費税はどのように記載しますか？,通常は税抜金額、消費税額、税込金額を明確に分けて記載します。,
会計処理とは何ですか？,会計処理とは、取引内容を帳簿に記録し、財務状況を管理する業務です。,
経費精算とは何ですか？,経費精算とは、従業員が立て替えた業務上の費用を会社が支払う手続きです。,
領収書がない場合の経費精算はどうしますか？,社内規定に従い、理由書の提出や上長承認を求める場合があります。,
トラブルが発生した場合の基本対応は？,内容を正確に把握し、事実確認を行った上で、適切な対応方針を決定します。,
顧客からのクレームにはどう対応しますか？,まず顧客の話を丁寧に聞き、状況を確認した上で誠実に対応します。,
支払いに関する問い合わせへの基本対応は？,請求内容と入金状況を確認し、事実に基づいて説明を行います。,
複数の請求書がある場合はどう管理しますか？,請求書番号や発行日ごとに管理し、支払状況を一覧で把握します。,
社内での情報共有はどのように行いますか？,関係部署と情報を共有し、対応履歴を記録して再発防止に努めます。,
インボイス制度対応の請求書には何が必要ですか？,適格請求書発行事業者の登録番号・適用税率・税率ごとの消費税額の記載が必須です。,
適格請求書発行事業者の登録番号がない場合はどうなりますか？,買手側が仕入税額控除を行えなくなるため、取引条件の見直しを求められる可能性があります。,
電子帳簿保存法における請求書の保存要件を教えてください。,訂正削除の履歴が残るシステムを利用するか、タイムスタンプを付与して保存する必要があります。,
請求書の支払期限を過ぎたお客様への対応手順は？,まずは入金状況を再確認し、電話またはメールで支払予定日を伺ってください。,
督促状はどのタイミングで送付すべきですか？,支払期日から1週間〜10日経過しても連絡・入金がない場合に送付するのが一般的です。,
長期間の未収金が発生した場合の処理は？,内容証明郵便での督促を行い、回収不能が確定した場合は貸倒損失として処理します。,
再請求書を発行する際の日付はどうすればいいですか？,当初の請求日付は変えず、備考欄に「再発行」と明記して送付してください。,
口座振替の引き落としができなかった場合はどうなりますか？,後日送付される振込用紙にてお支払いいただくか、次回の振替時に合算して請求します。,
前払い取引で入金確認が取れない場合、商品は発送できますか？,原則として入金確認後の発送となります。至急お客様へ振込状況を確認してください。,
銀行振込の手数料はどちらが負担すべきですか？,基本的には契約時の取り決めに従いますが、一般的には支払側（お客様）負担となります。,
誤って二重に請求書を送ってしまいました。,速やかにお客様へ連絡し、一方を破棄していただくようお詫びとともに依頼してください。,
お客様から二重に振り込みがあった場合の返金方法は？,過入金分を返金するか、次回の請求金額から相殺するかをお客様に確認して処理します。,
請求金額の計算ミスが発覚しました。,直ちに正しい金額の請求書を作成し、お詫び状を添えて再送付・差し替えを依頼してください。,
領収書の但し書きを「お品代」としてもいいですか？,インボイス制度下では具体的な取引内容の記載が推奨されます。可能な限り具体名を記載してください。,
5万円以上の領収書に収入印紙は必要ですか？,紙の領収書の場合は必要ですが、電子領収書（PDF送付など）の場合は不要です。,
クレジットカード払いの領収書発行は可能ですか？,可能ですが、但し書きに「クレジットカード利用」と明記し、収入印紙は貼付しません。,
領収書を紛失したため再発行してほしいと言われました。,二重発行防止のため原則お断りします。必要であれば「支払証明書」を発行してください。,
経費精算で領収書がない場合はどう処理しますか？,出金伝票を使用し、支払先・日付・金額・内容を詳細に記録して上長の承認を得てください。,
消費税の端数処理はどのように行いますか？,1つのインボイスにつき税率ごとに1回、切り捨て・切り上げ・四捨五入のいずれかで計算します。,
クレームの電話を受けた際の初期対応は？,まず相手の話を遮らずに聞き、不快な思いをさせたことへのお詫びと事実確認を行ってください。,
担当者が不在時にクレームが入った場合は？,お客様の連絡先と要件を復唱確認し、担当者から折り返し連絡する旨を伝えてください。,
商品の配送遅延が発生した場合の連絡方法は？,遅延が判明した時点で速やかにお客様へ連絡し、新たな到着予定日を伝えてお詫びします。,
出荷した商品が破損していたと連絡がありました。,運送会社へ状況を確認し、代替品の最短発送手配と破損品の引き取りを手配してください。,
注文と異なる商品が届いた場合の対応は？,正しい商品を至急発送し、誤送品は着払いで返送いただくよう手配します。,
在庫の棚卸で帳簿と実在庫が合わない場合は？,再カウントを行い、それでも合わない場合は原因を調査し、棚卸差異として処理します。,
棚卸差異の原因が特定できない時はどうしますか？,実在庫数に合わせて帳簿を修正し、棚卸減耗損として計上して管理体制を見直してください。,
商品の欠品でお客様を待たせる場合の対応は？,入荷予定日を明確に伝え、待っていただけるか、キャンセル・代替品希望かを確認します。,
返品された商品は在庫に戻せますか？,検品を行い、良品であれば在庫に戻し、破損や汚損がある場合は廃棄または訳あり品として処理します。,
分割払いの要望があった場合の対応は？,当社の規定で分割払いが可能か確認し、契約書または覚書を交わして支払計画を確定させます。,
手形での支払いは受け付けていますか？,会社の方針によりますが、受ける場合は手形期日や裏書を確認し、適切に保管・取立依頼を行います。,
請求書のPDFファイルに印鑑は必要ですか？,法的には必須ではありませんが、社内規定や取引先の慣習に合わせて電子印印を押印します。,
振込依頼人名が会社名と異なる場合の消込は？,お客様に連絡して確認をとるか、金額と日付から照合を行い、入金消込処理をします。,
相殺領収書の発行を求められました。,相殺事実を証明する書類であり、金銭の授受がないため収入印紙は不要です。但し書きに「相殺」と明記します。,
海外取引のインボイスに消費税はかかりますか？,輸出免税取引となるため、所定の要件を満たせば消費税は免除（0%）されます。,
バックオフィス業務の委託（BPO）は可能ですか？,請求発行や入金管理などは委託可能です。情報漏洩リスクを考慮し契約を結んでください。,
社内稟議が通るまで支払いを待ってほしいと言われました。,回収予定日がずれるため、上長に報告・相談の上、支払確約書などをいただく場合があります。,
請求書の日付を実際の取引日と変えてほしいと依頼されました。,不正会計につながる恐れがあるため、事実に基づかない日付の変更はお断りしてください。,
宛名なし（空欄）の領収書発行はできますか？,税務上のトラブルや不正利用防止のため、必ず宛名を記入して発行してください。,
支払通知書とは何ですか？,支払側が支払う内容を明記して送付する書類で、請求書の代わりとして利用されることもあります。,
買掛金の支払漏れが発覚した場合は？,速やかに取引先へ謝罪連絡を入れ、最短で振込手続きを行ってください。,
請求書に必ず記載すべき項目は何ですか？,請求書には取引日付取引内容金額消費税額支払期限発行者情報を記載してください。,
適格請求書の保存期間はどれくらいですか？,適格請求書は原則として7年間保存してください。,
インボイス番号の記載がない場合はどうなりますか？,インボイス番号がない場合は仕入税額控除が一部制限されるため確認が必要です。,
請求書の再発行は可能ですか？,可能です。①原本紛失の確認②再発行日付の記載③控えの保存を行ってください。,
領収書に収入印紙は必要ですか？,記載金額が一定額以上の場合は収入印紙の貼付が必要です。,
支払期限を過ぎた請求への対応方法を教えてください。,①支払状況確認②督促連絡③再請求書発行の順で対応してください。,
督促状はいつ送付すべきですか？,支払期限経過後速やかに送付してください。,
未収金はどのように管理しますか？,未収金台帳に記録し定期的に回収状況を確認してください。,
再請求書には何を記載しますか？,請求内容に加え再請求である旨と新たな支払期限を記載してください。,
口座振替の開始手続きはどうしますか？,①申込書回収②口座確認③登録完了通知を行ってください。,
前払いをお願いする場合の注意点は何ですか？,支払条件を事前に明示し合意を得てから請求してください。,
後払いが利用できないケースはありますか？,信用状況によっては後払いをお断りする場合があります。,
支払方法の変更依頼があった場合の対応は？,変更理由を確認し社内承認後に対応してください。,
請求金額に誤りがあった場合はどうしますか？,①誤り確認②訂正請求書発行③顧客へ説明を行ってください。,
二重請求に気付いた場合の対処方法は？,速やかに謝罪し正しい請求内容を案内してください。,
返金が必要な場合の基本手順を教えてください。,①返金理由確認②金額確定③返金処理実施を行ってください。,
返金時の振込手数料はどう扱いますか？,原則として原因側が負担します。,
消費税の端数処理はどうしますか？,社内ルールに基づき切捨て切上げ等を統一してください。,
経費精算で領収書がない場合はどうなりますか？,原則不可ですが理由書提出で認められる場合があります。,
領収書の宛名が空欄でも有効ですか？,内容が確認できれば有効とする場合があります。,
クレームを受けた際の基本対応を教えてください。,①事実確認②謝罪③対応方針説明を行ってください。,
問い合わせ対応の記録は必要ですか？,再発防止のため必ず記録してください。,
トラブル発生時に社内共有は必要ですか？,影響範囲を確認し関係部署へ共有してください。,
在庫差異が発生した場合の対応は？,①数量確認②原因調査③是正処理を行ってください。,
棚卸の頻度はどれくらいが適切ですか？,通常は年1回以上実施してください。,
棚卸差異は会計上どう処理しますか？,原因に応じて損益処理を行います。,
在庫数が帳簿と合わない時の初動は？,現物再確認と入出庫履歴の確認を行ってください。,
配送遅延が発生した場合の連絡方法は？,事実確認後速やかに顧客へ連絡してください。,
出荷ミスが判明した場合の対応手順は？,①誤出荷回収②正品再送③謝罪を行ってください。,
配送トラブルの再発防止策は？,作業手順の見直しとダブルチェックを実施してください。,
請求書の送付方法を変更したい場合は？,事前に顧客の同意を得てください。,
電子請求書の保存要件は何ですか？,真実性と可視性を確保して保存してください。,
支払遅延の理由を聞く際の注意点は？,責めず事実確認を丁寧に行ってください。,
長期未収金はどう対応しますか？,社内規程に基づき回収または償却を検討します。,
支払確認の問い合わせが来た場合は？,入金状況を確認し結果を案内してください。,
請求内容に関する問い合わせ対応の流れは？,①内容確認②回答準備③記録保存を行ってください。,
在庫管理を改善するための基本策は？,定期棚卸と入出庫管理の徹底を行ってください。,
インボイス制度で免税事業者からの仕入はどう扱いますか？,経過措置期間中は一定割合の控除が可能ですが、原則は控除対象外となるため区分記載して経理処理します。,
適格簡易請求書（レシート）に宛名は必要ですか？,小売業やタクシー業などで発行される簡易インボイスの場合、宛名の記載は省略可能です。,
振込手数料を差し引いて入金された場合の処理は？,差額が手数料相当額であれば支払手数料として処理し、著しく異なる場合は相手先に確認してください。,
支払期限の延長を依頼された場合の対応は？,理由と支払可能日を確認し、社内規定の範囲内であれば承認しますが、確約書の提出を求めてください。,
督促メールを送っても返信がない時はどうしますか？,次のステップとして電話連絡を行い、それでも不通の場合は内容証明郵便の送付を検討してください。,
取引先が倒産した場合の債権回収手順は？,直ちに管財人へ債権届出を行い、配当を待ちます。回収不能額は貸倒損失として処理します。,
電子記録債権（でんさい）での支払いは可能ですか？,導入済みの金融機関であれば可能です。利用者番号等の情報を交換し、登録手続きを進めてください。,
受け取った小切手の振出日が未来の日付でした。,先日付小切手として管理し、記載された期日が到来してから銀行へ取立依頼を行ってください。,
前受金の売上計上タイミングはいつですか？,入金時は前受金として処理し、商品の出荷やサービスの提供が完了した時点で売上へ振り替えます。,
請求書の金額を多く間違えて発行してしまいました。,速やかにお詫び連絡を入れ、差額分の赤伝票を発行するか、正しい請求書と差し替えてください。,
お客様から別の口座への返金を求められました。,マネーロンダリング等のリスク回避のため、原則として支払時と同一の名義・口座へ返金してください。,
二重払いの返金を現金書留で送れますか？,可能ですが、郵送リスクと手数料がかかるため、記録が残る銀行振込での返金を推奨してください。,
領収書の但し書きに「品代」と書くのはNGですか？,インボイス制度では税率判別が必要なため、具体的な品名（例：飲食代、文具代）を記載してください。,
新幹線回数券の領収書処理はどうすべきですか？,購入時に経費処理しますが、私的利用の防止策として使用履歴の管理表を作成・運用してください。,
領収書をPDFでメール送付しても有効ですか？,法的に有効です。電子取引データとして、電子帳簿保存法の要件に従って保存してください。,
クレーム対応で「上の者を出せ」と言われました。,担当者で解決できない場合は上長に経緯を報告し、状況を共有した上で速やかに引き継ぎを行ってください。,
理不尽な要求を繰り返すクレーマーへの対応は？,毅然とした態度で接し、不当な要求には応じません。会話の録音や弁護士への相談も検討してください。,
棚卸で商品の破損が見つかった場合の処理は？,破損状況を記録し、販売不可であれば廃棄損として処理して在庫数から減額してください。,
預け在庫（委託在庫）の棚卸確認方法は？,委託先に在庫証明書の発行を依頼し、自社の帳簿残高と照合して差異がないか確認します。,
入荷予定の商品が届かない時の対応は？,仕入先へ配送状況と遅延理由を確認し、納期変更が必要な場合は営業担当と顧客へ共有してください。,
出荷指示と違う商品を誤送してしまいました。,お客様へ謝罪し、最短で正しい商品を発送するとともに、誤送品の着払い返送を依頼してください。,
配送業者のミスでお届けが遅延しそうです。,判明次第お客様へ連絡し、配送業者の状況説明と新しいお届け予定日時を伝えてお詫びしてください。,
台風等の災害で配送がストップした場合は？,配送不可地域と再開見込みをWeb等で告知し、該当するお客様へは個別に遅延連絡を入れてください。,
インボイスの返還請求書はいつ必要ですか？,返品や値引きが発生し、対価の返還を行う場合に、その金額と消費税額を記載して発行します。,
個人事業主への支払いで源泉徴収は必要ですか？,原稿料や講演料など、所得税法で指定された報酬を支払う場合は源泉徴収を行い、納付してください。,
請求書を紛失したお客様から再送依頼が来ました。,PDF等の電子データまたは郵送にて再発行し、二重計上防止のため備考欄に「再発行」と明記します。,
売掛金の入金消込で金額が合いません。,同額の別案件や振込手数料の誤差を確認し、不明な場合はお客様へ入金内訳を照会してください。,
口座振替依頼書に印鑑相違の不備がありました。,お客様へ不備内容を連絡し、再度正しい印鑑で書類を作成・捺印していただくよう依頼してください。,
仮払金の精算が遅れている社員への対応は？,規定の精算期限超過を通知し、速やかな証憑提出と差額の精算（返金または支給）を促してください。,
領収書に収入印紙を貼り忘れました。,気づいた時点で貼り付け、消印を押してください。税務調査で指摘されると過怠税の対象になります。,
システム障害で請求書発行が遅れそうです。,事前にお客様へ状況と発行予定日を連絡し、支払期限の変更が必要か相談・調整してください。,
商品の一部が欠品のため分納になります。,分納の旨と残りの発送日をお客様に伝え、伝票や請求書を分割するか一括にするか確認してください。,
長期滞留在庫の評価損はどう判断しますか？,販売見込みがない、または時価が著しく下落している場合、社内基準に従って評価損を計上します。,
棚卸表の回収漏れを防ぐ方法は？,エリアごとに担当者を決め、ナンバリングされた棚卸表を配布・回収し、リストで管理チェックしてください。,
電話で注文変更を受けた時の注意点は？,言った言わないのトラブルを防ぐため、必ずメールやFAX等の書面で変更内容の確定依頼をしてください。,
納品書に金額の記載は必須ですか？,必須ではありませんが、お客様側の検収・照合業務の効率化のため、単価や金額を記載するのが一般的です。,
海外送金の着金手数料はどちらが負担しますか？,契約によりますが、請求額満額を着金させる場合は、送金人（支払側）負担として手続きします。,
未払金の支払通知書が届かない場合は？,取引先へ連絡して送付を依頼するか、請求書の控え等で金額を確定させ、支払処理を進めてください。,
交際費の予算を超過しそうな時は？,税務上の損金算入限度額を考慮し、予算管理を徹底するか、会議費等への区分が適正か再確認してください。,
返品時の送料はどちらが負担すべきですか？,不良品や誤送など当社不備の場合は当社負担、お客様都合による返品はお客様負担とするのが基本です。,
請求書に押印は必須ですか？,法律上は必須ではありませんが社内ルールに従い対応してください。,
請求書の日付はいつを記載しますか？,原則として発行日を記載してください。,
インボイス制度で免税事業者との取引はどう扱いますか？,仕入税額控除の可否を確認し社内処理を行ってください。,
適格請求書と区分記載請求書の違いは何ですか？,記載項目と仕入税額控除の要件が異なります。,
領収書の再発行を求められた場合は？,支払確認後に再発行可否を判断してください。,
支払期限前に入金確認を行ってもよいですか？,確認は可能ですが過度な催促は控えてください。,
支払期限を延長する依頼が来た場合の対応は？,理由確認後に社内承認を得て判断してください。,
督促メールと電話はどちらが適切ですか？,状況に応じて段階的に使い分けてください。,
未収金が長期化した場合の初動は？,原因確認と回収方針の再検討を行ってください。,
支払条件の変更は契約書修正が必要ですか？,原則として書面での合意が必要です。,
口座振替が失敗した場合はどうしますか？,失敗理由確認後に再請求を行ってください。,
前払い入金後の請求書発行は必要ですか？,取引証憑として発行してください。,
後払い取引の与信管理はどうしますか？,定期的に支払実績を確認してください。,
請求金額の端数誤差が出た場合は？,社内ルールに基づき調整してください。,
請求内容に不明点があると連絡が来た場合は？,内容確認後に書面で回答してください。,
二重入金があった場合の対応は？,返金または相殺の可否を確認してください。,
返金期限の目安はありますか？,確認完了後速やかに対応してください。,
返金処理後の連絡は必要ですか？,返金完了の連絡を行ってください。,
消費税率が混在する請求書の注意点は？,税率ごとに金額を区分記載してください。,
経費精算で日付不明の領収書は使えますか？,原則不可ですが事情確認を行ってください。,
クレーム対応で最初に行うべきことは？,事実関係の確認を最優先してください。,
問い合わせ対応の期限は決めるべきですか？,社内基準を設けて対応してください。,
トラブル内容の記録項目は何ですか？,日時内容対応結果を記録してください。,
在庫差異が頻発する場合の対策は？,管理方法の見直しを行ってください。,
棚卸時に破損品が見つかった場合は？,状態確認後に処理区分を決定してください。,
棚卸結果の承認フローは必要ですか？,上長承認を得て確定してください。,
在庫評価方法は統一すべきですか？,会計方針に基づき統一してください。,
配送遅延の原因が天候の場合の対応は？,状況説明と到着見込みを案内してください。,
出荷数量不足が発覚した場合は？,不足分の再出荷を手配してください。,
誤配送先からの返品対応は？,回収手配と謝罪を行ってください。,
配送トラブル時の社内報告は必要ですか？,影響があれば速やかに報告してください。,
請求書送付後の内容修正は可能ですか？,訂正請求書を発行してください。,
電子領収書は紙と同等に扱えますか？,要件を満たせば同等に扱えます。,
支払方法が複数ある場合の案内方法は？,選択肢を明確に提示してください。,
未入金時に取引停止は可能ですか？,社内規程に基づき判断してください。,
在庫管理責任者は明確にすべきですか？,責任範囲を明確にしてください。,
配送完了の確認方法は？,配送記録や受領確認で行ってください。,
問い合わせが重複した場合の対応は？,履歴を確認し一貫した回答を行ってください。,
請求書の金額修正は手書きで行ってもよいですか？,原則不可です。訂正請求書を発行してください。,
請求書の保存は紙と電子のどちらが必要ですか？,保存要件を満たせばどちらでも可能です。,
インボイスの交付義務が発生する取引は何ですか？,課税取引に該当する場合に交付が必要です。,
領収書に但し書きは必須ですか？,取引内容が分かるよう記載してください。,
請求書の宛名を修正したい場合は？,修正理由確認後に再発行してください。,
支払期限当日の未入金は督促対象ですか？,原則として翌営業日以降に対応してください。,
初回督促はどの程度の表現が適切ですか？,事実確認を目的とした穏やかな表現にしてください。,
再督促のタイミングはいつですか？,初回督促後一定期間経過後に行ってください。,
未収金の社内報告基準はありますか？,金額や期間に応じて報告してください。,
支払遅延が常態化している取引先への対応は？,条件見直しを検討してください。,
支払方法を銀行振込から変更できますか？,双方合意のうえで変更してください。,
口座振替の停止依頼があった場合は？,停止理由確認後に手続きを行ってください。,
前払い入金額が不足している場合は？,不足分を追加請求してください。,
後払いの支払期限は自由に設定できますか？,契約条件に基づき設定してください。,
請求金額と契約金額が異なる場合は？,契約内容を確認し修正してください。,
誤請求を先方が支払済みの場合は？,返金または次回相殺を検討してください。,
返金方法の指定があった場合は？,可能な範囲で対応してください。,
返金処理の証憑は必要ですか？,返金記録を必ず保存してください。,
消費税の記載漏れがあった場合は？,修正請求書を発行してください。,
非課税取引の記載方法は？,非課税である旨を明記してください。,
経費精算でコピー領収書は使えますか？,原則不可ですが事情確認を行ってください。,
クレーム内容が不明確な場合は？,詳細を確認してから対応してください。,
問い合わせ対応を担当部署に引き継ぐ際の注意点は？,経緯と対応状況を共有してください。,
トラブル対応の完了判断基準は？,相手の了承を得て完了としてください。,
在庫差異がマイナスの場合の処理は？,原因確認後に調整処理を行ってください。,
棚卸立会は必要ですか？,重要在庫は立会を推奨します。,
棚卸表の修正は可能ですか？,理由を明記し承認を得てください。,
在庫廃棄が発生した場合の対応は？,承認後に処理を行ってください。,
配送遅延の連絡は誰が行いますか？,担当部署が責任を持って行ってください。,
出荷ミスの報告期限はありますか？,判明次第速やかに報告してください。,
誤出荷品の返送費用はどうしますか？,原則として当社負担とします。,
配送事故が発生した場合の初動は？,状況確認と関係先への連絡を行ってください。,
請求書の送付先変更依頼が来た場合は？,正式な依頼を確認後に対応してください。,
電子請求書が開けないと連絡が来た場合は？,別形式で再送してください。,
支払確認の証明を求められた場合は？,入金記録を基に回答してください。,
未入金理由が先方都合の場合の対応は？,期限を再設定し対応してください。,
在庫管理ルールは文書化すべきですか？,運用統一のため文書化してください。,
配送完了後の問い合わせ対応は？,記録確認後に回答してください。,
インボイス制度で免税事業者からの請求書を受け取りました。,原則として仕入税額控除の対象外ですが、経過措置期間中は一定割合の控除が可能です。,
登録番号の申請中ですが請求書を発行してもいいですか？,発行は可能ですが、登録完了後に改めて番号を通知するか、修正した請求書を再交付する必要があります。,
適格返還請求書（返還インボイス）の交付義務はありますか？,返品や値引きを行った場合、金額にかかわらず交付義務がありますが、少額な振込手数料などは免除特例があります。,
電子インボイスを受け取った場合、紙で保存してもいいですか？,電子帳簿保存法により、原則として電子データのまま保存することが義務付けられています。,
領収書の宛名が「上様」でもインボイスとして認められますか？,簡易インボイス（小売・飲食等）を除き、原則として正式な宛名の記載が必要です。,
支払期日を過ぎたお客様へ電話がつながらない場合は？,メールやFAXで連絡し、それでも応答がない場合は請求書送付先へ督促状を郵送してください。,
督促状を送付しても入金がない時の最終手段は？,内容証明郵便による催告書を送付し、法的措置（支払督促や少額訴訟）への移行を検討します。,
長期滞留債権の放棄を検討する基準は？,回収コストが債権額を上回る場合や、相手方の支払能力がないことが明白な場合に検討します。,
売掛金の入金予定日が休日だった場合の扱いは？,契約によりますが、一般的には翌営業日に入金を確認します。前営業日設定の場合もあります。,
手形割引とはどのような仕組みですか？,受取手形を期日前に銀行等で換金する資金調達方法です。割引料（手数料）が差し引かれます。,
振込手数料を自社負担にする場合の仕訳は？,支払手数料として処理します。相手先には振込手数料分を差し引いて振り込む旨を伝えてください。,
定期定額の支払いに対する請求書は毎月必要ですか？,契約書で金額と支払時期が定まっていれば、毎月の請求書発行を省略するケースもあります。,
請求書発行後に値引きが決まった場合の対応は？,当初の請求書を取り消して再発行するか、値引き分の赤伝票（クレジットノート）を発行します。,
クレジットカード決済のお客様から返金依頼がありました。,現金での返金は避け、カード会社経由でのキャンセル（売上取消）処理を行ってください。,
二重請求をしてしまい相手が既に振り込んでしまいました。,過入金分を返金するか、次回の請求と相殺するか、お客様の希望を確認して処理してください。,
請求書の金額と実際の入金額に数円の誤差があります。,振込手数料や消費税計算の端数処理の違いを確認し、誤差の範囲内であれば雑損・雑益で処理します。,
領収書を紛失した場合、代わりの証明書類はありますか？,銀行の振込明細書やクレジットカードの利用明細書が支払いの証明として利用可能です。,
交通費精算で領収書が出ない区間はどうしますか？,正規の運賃を調べ、出金伝票や交通費精算書に利用区間と金額を明記して申請します。,
接待交際費の上限金額はありますか？,税法上の損金算入限度額があります。社内規定で事前申請の基準などを設けて管理してください。,
仮払金の精算時に残金が出た場合の処理は？,速やかに経理担当へ現金を返納し、領収書と合わせて精算処理を行ってください。,
問い合わせ対応で「担当者を変えろ」と言われました。,お客様の不満点を確認してお詫びし、上長と相談の上、必要であれば別の担当者が対応します。,
クレーム対応の記録はどのように残すべきですか？,日時、相手方、内容、対応状況を「対応履歴」としてシステムに残し、社内で共有してください。,
感情的になっているお客様への話し方のコツは？,相手の感情を否定せず、まずは話を聞き、「ご不快な思いをさせて申し訳ありません」と共感を示してください。,
メールでの問い合わせに対する返信期限の目安は？,原則として24時間（1営業日）以内の返信を心がけ、調査に時間がかかる場合はその旨を中間報告します。,
納品した商品に汚れがあるとの連絡を受けました。,直ちにお詫びし、良品との交換または返品・返金の手続きを案内してください。,
棚卸で実在庫が帳簿より多かった場合の原因は？,入荷時の計上漏れ、返品処理の未入力、出荷時の数量間違いなどが考えられます。,
棚卸差異が許容範囲を超える場合の対応は？,再棚卸を行い、原因を徹底的に調査します。不正やミスの可能性も含めて監査が必要です。,
預け在庫（委託販売）の棚卸は誰が行いますか？,基本的には委託先（預かり手）がカウントし、その報告をもとに自社で在庫確認を行います。,
不良在庫（デッドストック）の処分方法は？,廃棄処分、安価での一括売却、訳あり品としての販売などを検討し、損失を確定させます。,
シーズン商品の在庫が大量に残ってしまいました。,来期に持ち越すか、評価損を計上してセール販売するか、経営判断を仰いでください。,
指定した配送日時に商品が届かなかったそうです。,運送会社へ配送状況を確認し、遅延理由と現在地をお客様に伝え、最短のお届け日時を案内します。,
配送先住所を間違えて出荷してしまいました。,運送会社へ至急連絡し、転送手配が可能か確認してください。転送不可の場合は商品を戻し再発送します。,
出荷完了メールを送った後にキャンセル依頼が来ました。,既に運送会社へ引き渡しているため、商品到着後の返品手続きとなる旨をお客様へ説明してください。,
複数の注文をまとめて発送することはできますか？,出荷準備前であれば同梱処理が可能ですが、タイミングによっては別便になることを説明してください。,
海外への発送で関税は誰が負担しますか？,DDP（仕向地持ち込み渡し）など契約条件によりますが、一般的には受取人が負担するケースが多いです。,
届いた荷物の箱が潰れて商品も破損していました。,運送中の事故の可能性が高いため、運送会社へ補償を申請し、お客様には代替品を手配します。,
置き配で荷物が紛失した場合の責任は？,運送会社の規約や置き配の承諾有無によります。状況を確認し、調査依頼を出してください。,
請求書の郵送を廃止しWEB発行に切り替えたいです。,お客様へ事前に案内を送り、同意を得た上でシステムへの登録・移行を依頼してください。,
従業員が立替経費の申請を忘れていた場合は？,決算をまたぐと税務処理が複雑になるため、速やかに提出させ、今後は期限厳守を指導してください。,
売掛金の回収サイト（期間）を短縮したいです。,次回の契約更新時に取引条件の見直しを提案し、合意を得て契約書を変更してください。,
請求書の発行タイミングはいつが適切ですか？,取引内容確定後速やかに発行してください。,
請求書の通貨表記は統一する必要がありますか？,原則として契約通貨で統一してください。,
インボイスの登録番号は省略できますか？,省略不可のため必ず記載してください。,
領収書の金額訂正は可能ですか？,原則不可のため再発行してください。,
請求書の備考欄には何を記載しますか？,支払条件や補足事項を簡潔に記載してください。,
支払期限を迎える前にリマインド連絡は必要ですか？,必要に応じて事前案内を行ってください。,
督促状に法的表現は必要ですか？,初期段階では不要です。,
支払約束日を過ぎた場合の対応は？,速やかに状況確認を行ってください。,
未収金の消込はいつ行いますか？,入金確認後に行ってください。,
未収金残高の確認頻度はどれくらいですか？,定期的に月次で確認してください。,
支払方法にクレジットカードは含められますか？,社内ルールに基づき判断してください。,
口座振替依頼書の保管は必要ですか？,証憑として保管してください。,
前払い取引の売上計上はいつですか？,役務提供完了時に計上してください。,
後払い条件の上限金額は設定すべきですか？,リスク管理のため設定してください。,
請求金額の計算根拠を求められた場合は？,内訳を提示してください。,
二重請求を防ぐための対策は？,請求前のダブルチェックを行ってください。,
返金先口座が不明な場合は？,先方へ確認してください。,
返金完了の証明は必要ですか？,振込控えを保管してください。,
消費税の課税区分が不明な場合は？,取引内容を確認してください。,
税込金額のみ記載してもよいですか？,税額内訳を記載してください。,
経費精算で私費立替の場合の注意点は？,立替理由と証憑を確認してください。,
領収書の日付が未来日の場合は？,事実確認を行ってください。,
クレーム対応で感情的な連絡が来た場合は？,冷静に事実確認を行ってください。,
問い合わせ対応の担当者不在時は？,代理対応または折返し連絡を行ってください。,
トラブル対応の期限設定は必要ですか？,対応目安を設定してください。,
在庫差異がプラスの場合の処理は？,原因確認後に調整してください。,
棚卸時に未登録在庫が見つかった場合は？,登録漏れの修正を行ってください。,
棚卸差異の報告書は必要ですか？,必要に応じて作成してください。,
在庫移動の記録漏れがあった場合は？,履歴を修正してください。,
配送遅延の連絡文面に含める内容は？,理由と見込みを記載してください。,
出荷先住所誤りが判明した場合は？,修正手配を行ってください。,
誤出荷品が使用済みの場合は？,対応方針を協議してください。,
配送トラブル時の顧客対応窓口は？,担当部署が対応してください。,
請求書の分割発行は可能ですか？,契約条件に基づき対応してください。,
電子領収書の改ざん防止策は？,保存要件を遵守してください。,
支払確認が取れない場合の回答方法は？,確認中である旨を伝えてください。,
未入金時の社内エスカレーション基準は？,期間や金額で判断してください。,
在庫管理システム変更時の注意点は？,データ移行確認を行ってください。,
配送完了連絡は必須ですか？,必要に応じて行ってください。,
適格請求書の保存期間は何年ですか？,原則として発行日または受領日から7年間保存してください。,
適格請求書に必須の記載事項は何ですか？,登録番号 取引年月日 取引内容 税率ごとの税抜金額 消費税額 取引先名を必ず記載してください。,
インボイス登録番号が未記載の場合はどうなりますか？,仕入税額控除ができない可能性があります。再発行を依頼してください。,
軽減税率が含まれる請求書の注意点は何ですか？,税率ごとに区分し 各税率の税抜金額と消費税額を明記してください。,
領収書と請求書の両方が必要な場合はありますか？,原則はどちらか一方で足りますが 社内規程に従い必要な書類を提出してください。,
請求書の再発行は可能ですか？,可能です。請求番号と発行日を指定して再発行を依頼してください。,
支払期限を過ぎた場合の対応はどうなりますか？,まず入金状況を確認し 未入金の場合は督促をご案内します。,
督促状はいつ送付されますか？,支払期限経過後 所定日数を経て順次送付します。,
再請求書の発行方法を教えてください。,未入金確認後 再請求書を発行し 同一条件で送付します。,
未収金の社内処理フローはどうなりますか？,担当確認 上長承認 経理計上の順で処理します。,
分割払いは対応していますか？,原則不可です。例外は事前承認が必要です。,
口座振替の申込方法を教えてください。,申込書を提出し 口座確認完了後 翌月から開始します。,
前払いが必要なケースはありますか？,新規取引や高額取引では前払いをお願いする場合があります。,
後払いの支払期限はいつですか？,請求書記載の期日までにお支払いください。,
請求金額に誤りがあった場合の対応は？,内容確認後 正しい請求書を再発行します。,
二重請求に気付いた場合はどうすればよいですか？,支払前にご連絡ください。確認後 取消または相殺します。,
過入金した場合の返金手続きは？,入金確認後 返金先口座を確認し 所定手続きで返金します。,
返金までの目安日数はどのくらいですか？,手続き完了後 5から10営業日程度です。,
消費税の端数処理はどうなりますか？,税率ごとに計算し 所定ルールで端数処理します。,
経費精算で領収書がない場合はどうなりますか？,原則不可です。やむを得ない場合は理由書を提出してください。,
クレジットカード明細での代替は可能ですか？,原則不可です。正式な領収書をご提出ください。,
問い合わせの基本対応フローを教えてください。,受付 内容確認 担当連携 回答の順で対応します。,
クレーム対応の初動は何をしますか？,事実確認とお詫びを行い 再発防止策を検討します。,
対応履歴はどこに記録しますか？,社内管理システムに記録してください。,
棚卸差異が出た場合の対応は？,現物確認 原因調査 上長報告の順で対応します。,
棚卸結果の修正は誰が承認しますか？,部門責任者の承認が必要です。,
在庫数が合わない場合の一次対応は？,再カウントと入出庫履歴の確認を行ってください。,
棚卸差異の会計処理はどうなりますか？,原因確定後 所定の勘定で調整します。,
出荷遅延が発生した場合の連絡方法は？,判明次第 取引先へ連絡し 新しい出荷予定を案内します。,
配送ミスがあった場合の初動は？,誤配送の回収手配と正しい商品の再出荷を行います。,
欠品が判明した場合の対応は？,代替提案または入荷予定を案内してください。,
再配送に追加費用はかかりますか？,当社起因の場合は原則不要です。,
納品書の再発行は可能ですか？,可能です。取引番号を指定してください。,
請求書の送付方法を変更できますか？,電子または郵送に変更可能です。事前にご連絡ください。,
電子請求書の保存方法は？,改ざん防止と検索性を確保し 電子帳簿保存法に準拠してください。,
支払方法の変更期限はありますか？,次回請求分から反映となるため 締日前までに申請してください。,
支払期日の延長は可能ですか？,原則不可です。特別な事情は事前にご相談ください。,
問い合わせの回答期限はありますか？,原則として 2から3営業日以内に回答します。,
適格請求書の写しは保存が必要ですか？,発行側は写しを7年間保存してください。,
適格請求書の記載漏れに気付いた場合はどうなりますか？,速やかに訂正請求書を発行してください。,
インボイス対応していない領収書は使えますか？,仕入税額控除に使用できない可能性があります。再発行をご依頼ください。,
税率ごとの消費税額が合わない場合はどうすればよいですか？,計算内容を確認し 正しい金額で再発行してください。,
請求書の宛名を変更したい場合は？,取引先名を確認の上 再発行をご依頼ください。,
請求書の締日後に金額修正が発生した場合は？,修正後の請求書を再発行してください。,
支払期限超過の連絡はどのタイミングですか？,期限経過後 速やかにご連絡します。,
督促連絡は電話と書面のどちらですか？,原則は書面で行い 必要に応じて電話連絡します。,
再請求時の支払期限はどうなりますか？,再請求書記載の新期限をご確認ください。,
未収金が長期化した場合の対応は？,上長へ報告し 対応方針を決定します。,
支払方法を銀行振込から口座振替へ変更できますか？,申込完了後 次回請求分から変更可能です。,
口座振替の引落日はいつですか？,請求書記載の引落日をご確認ください。,
前払い後にキャンセルした場合は？,返金手続きを行います。返金先口座をご連絡ください。,
後払いの与信審査はありますか？,取引条件により 事前審査を行う場合があります。,
請求金額の内訳が不明な場合は？,明細をご確認の上 不明点はお問い合わせください。,
二重入金した場合の処理は？,確認後 返金または次回請求と相殺します。,
返金額に手数料はかかりますか？,当社起因の場合は原則かかりません。,
返金の連絡はどのように行われますか？,手続き完了後 書面またはメールでご案内します。,
消費税の計算単位は取引ごとですか？,原則として税率ごとに合計して計算します。,
非課税取引の表示方法は？,非課税と明記し 金額を区分してください。,
経費精算で日付不明の領収書は使えますか？,原則不可です。再発行をご依頼ください。,
レシートでも経費精算は可能ですか？,必要事項が記載されていれば可能です。,
問い合わせ受付後の一次回答はいつですか？,原則 当日または翌営業日までに行います。,
クレームのエスカレーション基準は？,影響範囲や重要度に応じ 上長へ報告します。,
対応完了の連絡は必要ですか？,はい。完了後 速やかにご連絡します。,
棚卸立会いは必須ですか？,重要拠点では原則立会いを実施します。,
棚卸差異の原因が不明な場合は？,再調査を行い 必要に応じて追加確認します。,
在庫調整の入力期限はありますか？,棚卸完了後 所定期限内に入力してください。,
棚卸結果の証憑は必要ですか？,集計表や確認記録を保存してください。,
出荷予定日の変更はどこに連絡しますか？,担当窓口へ速やかにご連絡ください。,
配送遅延時の補償対応はありますか？,契約条件に基づき 個別に確認します。,
誤出荷品の返送方法は？,回収手配を行います。指示に従ってください。,
出荷漏れが判明した場合は？,至急出荷手配し 取引先へ連絡します。,
納期クレームの記録方法は？,社内管理システムへ登録してください。,
請求書と納品書の金額が違う場合は？,内容確認後 正しい書類を再発行します。,
電子領収書は紙と同等に扱えますか？,要件を満たしていれば同等に扱えます。,
支払方法変更の確認連絡はありますか？,反映後 書面またはメールでご案内します。,
支払期限前のリマインドはありますか？,原則行いません。請求書をご確認ください。,
問い合わせ内容の再確認は可能ですか？,対応履歴をご確認の上 必要に応じて再案内します。,
請求書に振込先を記載し忘れた場合はどうしますか？,不足内容を確認し修正請求書を発行してください。,
請求書の金額が契約書と一致しないと指摘された場合は？,契約内容を確認し正しい内容で再発行してください。,
インボイスの保存は電子のみでも問題ありませんか？,保存要件を満たしていれば問題ありません。,
領収書に会社名ではなく個人名が記載されていますが有効ですか？,取引内容が確認できれば有効と判断してください。,
請求書の分割支払いに応じる場合の注意点は？,支払条件を書面で明確にしてください。,
支払期限超過後の初回連絡はいつ行うべきですか？,期限経過後速やかに行ってください。,
督促時に請求書を再送する必要はありますか？,未受領の可能性があれば再送してください。,
再請求書の番号は元の請求書と変えるべきですか？,管理上区別できるよう変更してください。,
未収金の回収見込みがない場合はどうしますか？,社内規程に基づき処理方針を決定してください。,
支払遅延理由が不明な場合の対応は？,事実確認の連絡を行ってください。,
支払方法の追加要望があった場合は？,社内承認後に対応可否を判断してください。,
口座振替の引落日変更は可能ですか？,契約条件を確認し対応してください。,
前払い後にキャンセルが発生した場合は？,返金手続きを行ってください。,
後払い取引開始時に必要な確認は？,取引条件と支払期限を確認してください。,
請求金額の計算方法について質問された場合は？,計算根拠を説明してください。,
二重請求の疑いがあると連絡が来た場合は？,請求履歴を確認し回答してください。,
返金金額に端数が出た場合は？,社内ルールに基づき処理してください。,
返金連絡を文書で求められた場合は？,書面で返金内容を案内してください。,
消費税の免税対象取引の判断方法は？,取引内容を確認してください。,
税率変更前後の取引はどう記載しますか？,適用税率ごとに区分記載してください。,
経費精算で領収書の原本提出は必須ですか？,原則として原本提出が必要です。,
領収書の金額が読めない場合は？,再発行の可否を確認してください。,
クレーム受付時に記録すべき事項は？,日時内容対応状況を記録してください。,
問い合わせに即答できない場合は？,確認後に回答する旨を伝えてください。,
トラブル対応の担当変更時の引継ぎ方法は？,経緯と資料を共有してください。,
在庫差異の原因が不明な場合は？,再確認と調査を行ってください。,
棚卸時に帳簿未反映の入庫があった場合は？,帳簿修正を行ってください。,
棚卸結果の保管期間はどれくらいですか？,社内規程に従い保管してください。,
在庫数修正時の承認は必要ですか？,上長承認を得てください。,
配送遅延の謝罪は誰が行いますか？,担当部署が行ってください。,
出荷ミスの再発防止策は？,作業フローを見直してください。,
誤配送品が未回収の場合の対応は？,状況確認と回収手配を行ってください。,
配送トラブル時の補償対応は？,契約条件に基づき判断してください。,
請求書をPDFで送付しても問題ありませんか？,取引先の了承があれば問題ありません。,
電子領収書の保存方法に注意点はありますか？,検索性と改ざん防止を確保してください。,
支払確認の連絡が頻繁な場合の対応は？,確認タイミングを案内してください。,
未入金案件を法的対応に進める基準は？,社内規程に基づき判断してください。,
在庫管理担当者変更時の注意点は？,引継ぎと在庫確認を行ってください。,
配送完了後に破損報告があった場合は？,状況確認後に対応してください。,
インボイス制度の登録番号とは何ですか？,インボイス制度の登録番号とは、適格請求書発行事業者として税務署に登録された事業者に付与される13桁の番号です。,
適格請求書と普通の請求書の違いは何ですか？,適格請求書は登録番号・税率ごとの消費税額・税込対価の額を明記する必要があります。普通の請求書にはこれらの記載が不要です。,
請求書に消費税率を分けて書く必要はありますか？,はい、令和5年10月以降の適格請求書では10％と8％を区分し、それぞれの税額を記載しなければなりません。,
支払期限を過ぎた請求書はどう対応しますか？,まず電話またはメールでご連絡いただき、状況を確認後、支払予定日をお伺いします。必要に応じて再発行いたします。,
督促状は何日後に送付しますか？,支払期限の翌月10日頃を目安に初回督促状を送付しております。,
二重に請求書が届いたと言われました、どう対応しますか？,大変恐縮です。ご注文番号と請求書番号をお伺いし、重複の有無を確認後、正しい請求書のみ有効とし、誤ったものは無効とさせていただきます。,
請求金額が間違っていた場合の対応方法を教えてください。,お手数ですが誤りの内容と正しい金額をご連絡ください。速やかに修正請求書を発行し、過不足分は調整いたします。,
返金が発生した場合、いつ頃振り込まれますか？,返金処理完了後、原則3営業日以内にご指定口座へお振込みいたします。,
領収書を紛失してしまったのですが、再発行できますか？,はい、再発行可能です。発行日・金額・宛名をご連絡いただければ、領収書を再発行いたします。,
領収書がなくても経費精算は可能ですか？,社内規定によりますが、基本的には領収書等の支払証明書類が必要です。代替書類で対応できるか総務部にご相談ください。,
口座振替の手続きはどうすればよいですか？,弊社指定の口座振替依頼書にご記入の上、ご返送ください。次回請求分より適用開始となります。,
前払い対応は可能ですか？,はい、事前にお振込みいただければ商品発送・サービス提供を優先的に手配いたします。,
請求書に銀行振込手数料はどちらが負担しますか？,お客様のご負担とさせていただいております。何卒ご了承ください。,
未収金が長期間残っている場合の最終対応は何ですか？,内容証明郵便による督促後、回収が見込めない場合は法的手続きを検討させていただきます。,
出荷したはずなのに商品が届いていないと言われました、どうしますか？,伝票番号をお伺いし、運送会社と配送状況を確認いたします。未着の場合は代替品手配または返金対応をいたします。,
配送が大幅に遅れている場合の対応を教えてください。,大変申し訳ございません。配送遅延の原因を確認し、進捗をご報告の上、必要に応じて代替配送や一部値引きを検討いたします。,
在庫管理で実地棚卸と帳簿の差異が出た場合の処理はどうしますか？,差異原因を調査し、誤出荷・誤計上・盗難等の可能性を確認後、適正な在庫調整仕訳を行います。,
棚卸減耗の処理はどうなりますか？,通常は棚卸減耗勘定（費用）として処理し、金額が著しい場合は役員報告を行います。,
請求書と納品書の金額が一致しないと言われたら？,両書類の金額・品目・数量を突合し、誤記載があれば修正請求書を発行いたします。,
インボイス非対応の請求書を受け取った場合どうなりますか？,仕入税額控除が受けられなくなる可能性があります。適格請求書への切り替えをお願いしております。,
振込先口座を変更したいのですが？,新しい振込先口座情報と変更届出書をご提出ください。次回請求分より新しい口座に変更いたします。,
クレジットカード払いに対応していますか？,現在は対応しておりません。銀行振込または口座振替のみとなっております。,
請求書発行日と支払期限の関係を教えてください。,通常、請求書発行日から30日以内を支払期限と設定しております。,
督促電話をかけられたくないのですが、どうすればよいですか？,事前にご連絡いただければ、支払予定日を調整し、督促を控えさせていただきます。,
返品があった場合の請求金額はどうなりますか？,返品商品確認後、返金額を差し引きした修正請求書を発行いたします。,
一部入金があった場合の残金請求はどうしますか？,入金額を確認し、残額を明記した請求書を再発行いたします。,
消費税の端数処理はどうしていますか？,1円未満の端数は切り捨て処理を行っております。,
請求書をPDFで送ってほしいと言われたら？,はい、メール添付にてPDF形式の請求書をお送りいたします。,
在庫がマイナスになった場合の対応は？,マイナス在庫の原因を調査し、速やかに補正仕訳を行い、実態に合わせた在庫数量へ修正いたします。,
出荷ミスで間違った商品が届いた場合どうなりますか？,大変恐縮です。至急正しい商品と交換手配をいたします。往復送料は弊社負担とさせていただきます。,
領収書の日付を遡って発行してほしいと言われたのですが？,領収書の日付は実際の入金日または発行日を記載する必要がございます。遡及発行は対応しかねます。,
支払いが遅れそうな場合、事前に連絡した方がよいですか？,はい、可能な限り事前にご連絡いただけますと大変助かります。支払予定日の調整をさせていただきます。,
請求書に印紙税は必要ですか？,記載金額が5万円を超える場合、印紙税が必要となります（現金受領の場合を除く）。,
棚卸の結果、在庫過多が判明した場合の処理は？,過剰在庫の原因分析を行い、値引き販売・廃棄・滞留在庫引当金の設定等を検討します。,
請求書を紛失したと言われた場合の再発行手数料はかかりますか？,通常は無料で再発行しております。ただし複数回にわたる場合はご相談ください。,
口座振替の引き落とし日を変更できますか？,毎月27日固定となっております。変更は原則対応しておりません。,
商品に不良品が混入していた場合の対応は？,不良品の写真と状況をご連絡ください。代替品手配または返金・返品対応を速やかに行います。,
請求書発行のタイミングはいつですか？,商品納品またはサービス提供完了月の翌月5日頃に発行しております。,
在庫差異が少額の場合でも仕訳は必要ですか？,はい、少額であっても正確な財務諸表作成のため、棚卸差異として仕訳処理を行います。,
支払い方法を現金書留にしたいのですが可能ですか？,誠に恐れ入りますが、現金書留は対応しておりません。銀行振込または口座振替をご利用ください。,
請求書の支払期限はどのように決めればよいですか？,契約条件を確認し取引慣行に沿って設定してください。,
請求書に明細を省略しても問題ありませんか？,取引内容が確認できる範囲で記載してください。,
インボイス制度対応で社内確認が必要な点は何ですか？,登録番号記載有無と保存方法を確認してください。,
領収書の電子データ提出は認められますか？,保存要件を満たしていれば認められます。,
請求書の送付漏れに気付いた場合はどうしますか？,速やかに送付し遅延理由を説明してください。,
支払期限超過後の文書連絡は必要ですか？,状況に応じて書面で連絡してください。,
督促の頻度はどの程度が適切ですか？,相手状況を考慮し過度にならないよう調整してください。,
再請求時に手数料は請求できますか？,契約条件を確認し判断してください。,
未収金管理表には何を記載しますか？,請求日金額入金状況を記載してください。,
回収予定日の管理方法は？,一覧で管理し定期確認してください。,
支払方法の選択肢は事前に案内すべきですか？,トラブル防止のため案内してください。,
口座振替開始までの請求はどうしますか？,振込等の代替手段を案内してください。,
前払い条件を変更する場合の注意点は？,事前合意を必ず取得してください。,
後払いから前払いへ変更することは可能ですか？,理由説明のうえ合意を得てください。,
請求金額の計算ミスを防ぐ方法は？,計算チェック工程を設けてください。,
誤請求の謝罪はどのタイミングで行いますか？,事実確認後速やかに行ってください。,
返金額確定までに時間がかかる場合は？,進捗状況を連絡してください。,
返金処理の社内承認は必要ですか？,金額に応じて承認を得てください。,
消費税の記載方法が誤っていた場合は？,修正書類を発行してください。,
税込表記と税抜表記は混在できますか？,混在は避け統一してください。,
経費精算で領収書が破損している場合は？,内容確認後に判断してください。,
領収書の宛名誤りは修正できますか？,再発行の可否を確認してください。,
クレーム内容が事実と異なる場合は？,根拠を示し説明してください。,
問い合わせ対応履歴はどこに保存しますか？,社内管理システムに保存してください。,
トラブル対応で第三者確認は必要ですか？,必要に応じて実施してください。,
在庫差異発生時の報告期限は？,判明次第速やかに報告してください。,
棚卸前に準備すべきことは何ですか？,帳簿整理と在庫整理を行ってください。,
棚卸中の入出庫はどう管理しますか？,一時停止または記録を徹底してください。,
在庫評価替えが必要な場合は？,会計方針に従い処理してください。,
配送遅延の影響範囲はどう確認しますか？,対象注文を洗い出してください。,
出荷ミス時の顧客説明は誰が行いますか？,担当窓口が行ってください。,
誤出荷品の処分判断はどうしますか？,回収後に判断してください。,
配送遅延時の代替提案は必要ですか？,可能であれば提示してください。,
請求書のPDF容量が大きい場合は？,分割送付等を検討してください。,
電子請求書の閲覧期限は設けるべきですか？,社内ルールに基づき設定してください。,
支払確認が取れない入金はどうしますか？,内容照合後に処理してください。,
未収金が少額の場合の対応は？,費用対効果を考慮し判断してください。,
在庫管理マニュアルは定期更新が必要ですか？,運用見直し時に更新してください。,
配送完了証明を求められた場合は？,配送記録を提出してください。,
適格請求書の登録番号はどこに記載すればよいですか？,請求書のヘッダーまたは発行者情報欄に明記してください。,
適格請求書の修正は訂正印が必要ですか？,電子の場合は不要です。訂正請求書の発行で対応してください。,
簡易インボイスが使える取引は何ですか？,不特定多数向けの小売取引等に限定されます。,
値引きがある場合のインボイス表記は？,値引き後の税抜金額と消費税額を記載してください。,
請求書に振込手数料は含めますか？,原則含めません。別途ご負担ください。,
請求書の送付先を部署名指定にできますか？,可能です。正確な部署名をご連絡ください。,
支払期限当日の入金は有効ですか？,金融機関の着金日基準で確認します。,
期限超過後に入金した場合の連絡は必要ですか？,はい。入金連絡をお願いいたします。,
督促後に支払予定日の連絡はできますか？,可能です。予定日をご連絡ください。,
再請求書は原本扱いになりますか？,はい。同一効力の原本として扱います。,
未収金の相殺は可能ですか？,条件確認後 可能な場合があります。,
口座振替の失敗時はどうなりますか？,再振替または銀行振込をご案内します。,
振込名義が異なる場合はどうすればよいですか？,事前にご連絡ください。照合を行います。,
前払いの入金確認はいつ反映されますか？,着金確認後に反映します。,
後払いの締日はいつですか？,請求書記載の締日をご確認ください。,
請求明細の追加発行はできますか？,可能です。取引番号をご指定ください。,
請求金額の一部のみ支払った場合は？,残額を未収として管理し ご案内します。,
二重請求の疑いがある場合の確認方法は？,請求番号と金額を照合し確認します。,
返金時の振込手数料負担は誰ですか？,原則 当社起因は当社負担です。,
返金先口座の変更は可能ですか？,手続き前であれば可能です。,
消費税の表示は内税と外税どちらですか？,原則 外税表示です。,
免税取引の記載方法は？,免税と明記し 税額は0円としてください。,
経費精算でコピー領収書は使えますか？,原則不可です。原本をご提出ください。,
交通費のIC明細は領収書代わりになりますか？,社内規程に従い 使用可否を判断します。,
問い合わせの受付番号は発行されますか？,はい。受付時にご案内します。,
クレームの再発防止策は共有されますか？,必要に応じて関係部署へ共有します。,
回答内容の訂正が必要な場合は？,訂正連絡を行い 正しい内容を再案内します。,
棚卸のカウント方法は指定されていますか？,指定手順に従い 実地カウントしてください。,
棚卸差異の報告期限はありますか？,棚卸完了当日中に報告してください。,
在庫移動の未反映がある場合は？,履歴確認後 システム反映を行います。,
棚卸調整仕訳の入力者は誰ですか？,担当者が入力し 上長が承認します。,
配送遅延の原因確認は誰が行いますか？,担当部署が確認し ご案内します。,
出荷数量違いがあった場合は？,正しい数量で再出荷または調整します。,
誤配送の保管対応はどうすればよいですか？,回収までそのまま保管してください。,
再出荷の手配完了連絡はありますか？,はい。手配後にご連絡します。,
納品遅延による請求調整はありますか？,契約条件に基づき 個別に対応します。,
請求書と検収結果が不一致の場合は？,検収内容を確認し 請求を修正します。,
電子保存の検索要件は何ですか？,取引年月日 金額 取引先で検索可能にしてください。,
問い合わせ対応の引継ぎはどのように行われますか？,管理システムで履歴共有し 引継ぎします。,
インボイス制度の概要を教えてください。,インボイス制度は、消費税の仕入税額控除のために適格請求書を保存する制度です。適格請求書発行事業者の登録番号等の記載が必要です。,
支払期限を過ぎた請求書への対応はどうすればよいですか。,まず、相手先に電話で確認します。次に、督促状を送付し、支払いを促します。必要に応じて、債権回収業者への依頼も検討します。,
口座振替の設定手順を教えてください。,まず、振替依頼書に必要事項を記入し、銀行に提出します。次に、相手先に口座情報を通知し、初回振替の確認を行います。,
請求書に金額誤りがある場合、どう対応すべきですか。,直ちに請求元に連絡し、誤りを指摘します。修正請求書の発行を依頼し、正しい金額で支払いを行います。,
経費精算で領収書をなくした場合、どうすればよいですか。,領収書の代わりに、利用明細書やクレジットカード控えを提出します。場合によっては、事実を説明した誓約書の提出が必要です。,
顧客からクレームを受けた時の基本フローは何ですか。,まず、謝罪し、事実関係を聴取します。次に、原因を調査し、解決策を提案します。最後に、再発防止策を実施します。,
在庫差異が発生した時の調査手順を教えてください。,まず、棚卸表と実在庫を照合します。次に、入出庫記録を確認し、差異原因を特定します。必要に応じて、調整処理を行います。,
配送遅延が発生した場合、顧客への連絡方法はどうすればよいですか。,すぐに顧客に連絡し、遅延の事実と理由を説明します。新しい配送予定日を伝え、謝罪します。必要に応じて、補償を検討します。,
適格請求書発行事業者とは何ですか。,適格請求書発行事業者とは、インボイス制度に基づき登録番号を有し、適格請求書を発行できる事業者です。,
督促状を送付するタイミングはいつが適切ですか。,支払期限から1週間後を目安に、最初の督促状を送付します。その後、状況に応じて段階的に強い内容の督促状を送付します。,
前払い請求のメリットとデメリットは何ですか。,メリットは資金繰りの安定化、デメリットは顧客の負担増です。リスク管理の観点から、契約条件に応じて検討します。,
二重請求に気づいた場合、どうすればよいですか。,直ちに請求元に連絡し、二重請求であることを指摘します。返金手続きを依頼し、支払い履歴を確認します。,
消費税の内税と外税の記載方法を教えてください。,内税は税込金額で記載し、外税は税抜金額と消費税額を分けて記載します。請求書の形式に合わせて統一します。,
問い合わせへの返信期限はどのように設定すべきですか。,原則として、受信後24時間以内に初回返信を行います。詳細な回答が必要な場合は、調査中であることを伝え、目処を連絡します。,
棚卸の実施頻度はどの程度が適切ですか。,在庫の種類や金額に応じて、月次、四半期、年次などで設定します。重要性の高い在庫は頻繁に実施します。,
出荷ミスで商品違いを送ってしまった場合の対応はどうすればよいですか。,まず、顧客に連絡し、誤配送を謝罪します。正しい商品を再送し、誤配送商品の返送手配を依頼します。,
電子インボイスの要件を教えてください。,電子インボイスは、真正性と可視性を確保するため、電子署名やタイムスタンプ等の措置が必要です。,
未収金が長期間回収できない場合の対応はどうすればよいですか。,最終的に、債権回収業者への委託や法的手続きを検討します。それ以前に、交渉や分割払いの提案を行います。,
後払い契約を結ぶ際の注意点は何ですか。,与信管理を徹底し、支払い能力を評価します。契約書で支払条件を明確にし、遅延時のペナルティを定めます。,
返金処理の流れを教えてください。,まず、返金事由を確認し、承認を得ます。次に、財務部門に依頼し、指定口座へ振り込みます。処理完了後、顧客に連絡します。,
領収書なしで経費精算する場合の代替書類は何がありますか。,クレジットカード明細、交通系ICカードの利用履歴、請求書のコピー等が代替として認められる場合があります。,
トラブル発生時の記録方法を教えてください。,トラブル報告書を作成し、発生日時、内容、対応者、解決策等を詳細に記録します。今後の参考として保管します。,
在庫調整の承認フローはどのように設定すべきですか。,差異金額に応じて、担当者→課長→部長などの階層で承認を得ます。重要な調整は経営層の承認が必要です。,
配送業者への損害賠償請求手順を教えてください。,まず、損害内容を証明する書類を揃えます。次に、配送業者に連絡し、賠償請求書を提出します。交渉が難航する場合は、法的措置も検討します。,
インボイス制度で保存が必要な書類は何ですか。,適格請求書、帳簿、貸借対照表、損益計算書等、消費税の申告に関連する書類を7年間保存する必要があります。,
延滞利息の計算方法を教えてください。,契約書に定められた利率に基づき、延滞日数分を計算します。利率がない場合は、法定利率を適用します。,
振込手数料の負担について、一般的なルールは何ですか。,通常、債務者側が負担しますが、契約で別段の定めがある場合はそれに従います。請求書に明記するのが望ましいです。,
過払い金が発生した場合の調整方法はどうすればよいですか。,過払い金を確認し、次回請求で相殺するか、返金処理を行います。顧客と調整し、記録を残します。,
消費税の端数処理で注意すべき点は何ですか。,切り捨て、切り上げ、四捨五入の方法を統一し、請求書に記載します。税務署に届出た方法に従います。,
クレーム対応で謝罪文を作成する際のポイントは何ですか。,誠意を示し、事実を認め、再発防止策を伝えます。具体的な補償や対応策を記載します。,
在庫管理で差異を最小化する方法はありますか。,定期的な棚卸、入出庫の厳格な管理、在庫管理システムの活用等が有効です。従業員教育も重要です。,
出荷前の確認チェックリストはどのように作成すべきですか。,顧客情報、商品情報、数量、配送先等を項目化し、ダブルチェック体制を設けます。過去のミスを反映させます。,
適格請求書に記載必須の項目を教えてください。,登録番号、取引日、取引内容、金額、消費税率、消費税額、発行事業者名等が必須です。,
督促状の文面作成で気をつけることは何ですか。,初期は丁寧に、繰り返すにつれて強い口調にします。支払期限や延滞利息を明記し、法的措置を示唆することもあります。,
口座振替でエラーが発生した時の対応はどうすればよいですか。,まず、銀行に問い合わせ、エラー原因を確認します。次に、顧客に連絡し、別の支払方法を提案します。,
請求書の発行頻度を変更したい場合、どうすればよいですか。,契約相手と協議し、合意を得ます。変更後は、請求書に新たな条件を明記し、双方で記録を残します。,
経費精算の承認フローを効率化する方法はありますか。,電子承認システムを導入し、自動化します。基準額以下の経費は簡易承認とし、管理者の負担を軽減します。,
顧客問い合わせの対応時間を短縮するにはどうすればよいですか。,FAQを作成し、顧客に公開します。問い合わせ内容を分類し、テンプレート回答を準備します。,
棚卸で発見した不良在庫の処理方法を教えてください。,まず、不良理由を調査し、報告します。次に、廃棄や値引き販売等の処理を行い、在台帳を調整します。,
配送遅延の原因を調査する方法は何ですか。,配送業者に問い合わせ、トラッキング情報を確認します。自社の出荷プロセスも見直し、ボトルネックを特定します。,
請求書に登録番号を記載し忘れた場合の対応は？,大変恐縮ですが、速やかに修正した適格請求書を再発行いたします。原本は無効として破棄をお願いいたします。,
適格請求書の保存期間は何年ですか？,インボイス制度に基づき、適格請求書は発行日から7年間の保存が義務付けられております。,
軽減税率対象商品と標準税率商品が混在する場合の記載方法は？,税率ごとに区分し、それぞれの対価の額と消費税額を別々に明記してください。,
支払期限を過ぎてから2ヶ月経過した未入金はどうなりますか？,2回目の督促状を送付後、入金がない場合は最終督促（内容証明郵便）を送付し、回収不能の場合は貸倒処理を検討いたします。,
督促メールに返信がない場合の次のステップは何ですか？,電話にて直接ご連絡を差し上げ、支払予定日を確認いたします。,
請求書を複数月分まとめて発行してほしいと言われたのですが？,原則として月次発行ですが、ご希望の場合はまとめた請求書を発行可能です。ご連絡ください。,
振込手数料を当社負担にしてほしいと言われた場合の対応は？,原則お客様負担としておりますが、金額・取引頻度を考慮し、特例として当社負担とさせていただく場合がございます。,
領収書に但し書きを入れる必要はありますか？,特に必要ございませんが、「商品代金として」「役務提供代金として」等の但し書きを入れるのが一般的です。,
経費精算で領収書の日付が古い場合どうなりますか？,原則として支払日から2ヶ月以内のものが認められます。それ以前の場合は上長承認が必要となります。,
口座振替の開始が遅れた場合の初回支払はどうなりますか？,初回分は別途銀行振込にてお願いしております。2回目以降は口座振替となります。,
前払い入金後にキャンセルとなった場合の返金は？,キャンセル受付後、原則3営業日以内に全額返金いたします。,
請求書に記載の振込先が間違っていたと言われたら？,大変失礼いたしました。正しい振込先を至急ご連絡いたします。誤振込の場合は返金手配をいたします。,
二重入金があった場合の対応方法を教えてください。,入金明細を確認後、過剰分を速やかに返金いたします。お振込先口座をご連絡ください。,
消費税の端数処理を四捨五入に変更できますか？,社内ルールにより切り捨て固定としております。変更は原則対応しかねます。,
棚卸時に商品が紛失していた場合の会計処理は？,紛失原因を調査後、通常は棚卸減耗または雑損失として処理いたします。金額が大きい場合は役員決裁が必要です。,
在庫差異がプラスだった場合の処理はどうなりますか？,原因調査のうえ、棚卸超過利益として処理するか、または前期損益修正として対応する場合がございます。,
配送遅延のお詫びと代替案をどう伝えるべきですか？,お詫びの言葉を述べたうえで、現在の進捗・到着予定日・代替品手配・一部値引き等の選択肢をご提示いたします。,
出荷ミスでサイズ違いの商品が届いた場合の対応は？,至急正しいサイズの商品と交換手配をいたします。返送料・交換送料は弊社負担とさせていただきます。,
請求書の日付を書き換えてほしいと言われたのですが？,領収書・請求書の日付は実際の取引日または発行日を記載する必要がございます。変更は対応しかねます。,
インボイス制度開始前に発行した請求書はどう扱いますか？,制度開始前発行分は従来通り仕入税額控除が可能です。保存期間にご注意ください。,
支払いサイトを60日から90日に延長してほしいと言われたら？,取引条件変更の申請をいただき、与信審査のうえ対応可否を判断いたします。,
一部商品が欠品となった場合の請求はどうなりますか？,欠品分を差し引いた金額で請求書を再発行いたします。欠品のお詫びも併せてご連絡いたします。,
領収書の宛名を屋号に変更してほしいのですが？,ご指定の宛名で再発行可能です。旧領収書は無効となりますので破棄をお願いいたします。,
督促を避けるために分割払いを希望する場合の対応は？,分割回数・金額をご相談のうえ、分割払い合意書を作成し対応させていただきます。,
在庫回転率が悪い商品の棚卸処理はどうすべきですか？,低回転品として評価減の検討を行い、必要に応じて評価損を計上いたします。,
商品が破損して届いたと言われた場合の初動対応は？,破損写真と状況詳細をご連絡いただき、代替品手配または返金・返品対応を速やかに行います。,
請求書に品番が記載されていないと言われたら？,ご指摘ありがとうございます。品番を追記した修正請求書を再発行いたします。,
口座振替の解約方法を教えてください。,解約希望月の前月末までに解約届をご提出ください。翌月以降の振替を停止いたします。,
返金時の振込手数料はどちらが負担しますか？,原則として当社負担といたします。,
棚卸立会いを希望する場合の連絡先は？,担当部署まで事前にご連絡ください。立会日程を調整いたします。,
請求書の発行者名は略称でも問題ありませんか？,正式名称を記載してください。,
請求書に取引先コードを記載する必要はありますか？,先方指定があれば記載してください。,
インボイスの写しを社内で共有してもよいですか？,管理目的での共有は可能です。,
領収書の金額が請求書と異なる場合はどうしますか？,取引内容を確認し是正してください。,
請求書に担当者名を入れる必要はありますか？,問い合わせ対応のため記載を推奨します。,
支払期限当日に入金予定連絡があった場合は？,入金確認まで督促は控えてください。,
督促連絡を文書で残す必要はありますか？,後日の確認用に記録してください。,
再請求書の送付方法は元と同じでよいですか？,確実に届く方法を選択してください。,
未収金が発生した月の締め処理はどうしますか？,未収金として計上してください。,
未収金の回収状況は誰が確認しますか？,担当者を定めて管理してください。,
支払方法を一時的に変更したい場合は？,期間と条件を明確にしてください。,
口座振替結果の確認はいつ行いますか？,引落日翌営業日に確認してください。,
前払い金の残高管理は必要ですか？,残高管理表で管理してください。,
後払い条件の見直しはいつ行いますか？,定期的に実施してください。,
請求金額の値引き依頼があった場合は？,社内承認後に対応してください。,
誤請求により信用不安を招いた場合は？,謝罪と再発防止策を説明してください。,
返金処理が月を跨ぐ場合の注意点は？,会計処理時期を確認してください。,
返金時の消費税処理はどうしますか？,元の取引に基づき処理してください。,
消費税区分が複雑な取引の対応は？,税区分ごとに整理してください。,
免税事業者からの請求書の確認点は？,インボイス要件外である点を確認してください。,
経費精算でクレジット明細のみの場合は？,補足資料提出を求めてください。,
領収書の発行日と支払日が異なる場合は？,事実関係を確認してください。,
クレーム対応で一次回答者の役割は？,事実確認と初期対応を行ってください。,
問い合わせ内容が複数部署に跨る場合は？,主担当を決めて対応してください。,
トラブルの再発防止策はいつ検討しますか？,対応完了後に検討してください。,
在庫差異の影響額はどう算定しますか？,帳簿金額との差で算定してください。,
棚卸立会者の役割は何ですか？,数量確認と記録確認です。,
棚卸データの修正履歴は残すべきですか？,必ず残してください。,
在庫不足が頻発する場合の初動は？,出庫記録を確認してください。,
配送遅延の事前予測ができた場合は？,早めに連絡してください。,
出荷ミスの社内是正報告は必要ですか？,再発防止のため必要です。,
誤配送品の再発送期限は設けるべきですか？,目安を設定してください。,
配送トラブル時の写真提出依頼は可能ですか？,状況確認のため依頼可能です。,
請求書の一部金額のみ入金された場合は？,不足額を確認し連絡してください。,
電子請求書の改訂履歴は管理すべきですか？,履歴管理を行ってください。,
支払確認の連絡方法は統一すべきですか？,業務効率化のため統一してください。,
未収金に対する社内注意喚起は必要ですか？,状況に応じて実施してください。,
在庫管理ルール違反が判明した場合は？,是正指導を行ってください。,
配送完了後の数量違い指摘があった場合は？,出荷記録を確認してください。,
インボイス制度に対応した請求書の必須記載事項は何ですか？,登録番号・適用税率・税率ごとの消費税額を含め、所定の記載事項をすべて記載してください。,
適格請求書と簡易インボイスの違いは何ですか？,取引内容により記載要件が異なります。該当区分を確認し、必要事項を満たす様式で発行してください。,
請求書に消費税の端数処理ルールはありますか？,社内規程に基づき、税率ごとに端数処理方法を統一してください。,
インボイス未対応の請求書は受領できますか？,原則として受領可能ですが、仕入税額控除の可否を確認の上で処理してください。,
領収書に登録番号の記載は必要ですか？,適格請求書等保存方式の対象取引では、登録番号の記載をご確認ください。,
支払期限を過ぎた場合の対応フローを教えてください。,支払状況を確認し、督促連絡を実施し、必要に応じて再請求書を発行してください。,
初回督促はいつ行うべきですか？,支払期限経過後、社内基準日以内にメールまたは電話でご連絡してください。,
再請求書はどのように発行しますか？,原請求書番号を明記し、再請求の旨を記載して再発行してください。,
未収金として計上する基準は何ですか？,支払期限超過かつ入金見込みが不明な場合、未収金として管理してください。,
督促手数料は請求できますか？,契約条件に基づき、請求可否を確認した上で対応してください。,
前払いを依頼する場合の手続きは？,見積または請求書に前払い条件を明記し、入金確認後に処理を進めてください。,
後払いへの変更は可能ですか？,取引条件を確認し、承認取得後に支払条件を変更してください。,
口座振替の開始手続きはどうなりますか？,申込書の提出と口座登録完了後、次回請求分から適用してください。,
口座振替が失敗した場合の対応は？,振替結果を確認し、再振替または別の支払方法をご案内してください。,
支払方法の変更依頼があった場合は？,変更内容を確認し、社内登録を更新した上で反映してください。,
請求金額に誤りがあった場合の対応は？,正しい金額を確認し、訂正請求書を発行してください。,
二重請求が判明した場合はどうしますか？,重複分を特定し、取消または返金処理を行ってください。,
過入金があった場合の処理は？,返金または次回請求への充当を確認し、処理してください。,
返金対応の基本手順を教えてください。,返金理由確認・承認取得・返金実行・記録更新の順で対応してください。,
返金期限の目安はありますか？,社内規程に従い、承認後速やかに返金してください。,
消費税区分の誤りがあった場合は？,正しい税区分で訂正書類を発行してください。,
経費精算で領収書がない場合は？,申請理由書を添付し、上長承認の上で処理してください。,
電子領収書は経費精算に使用できますか？,社内規程に基づき、電子保存要件を満たしていれば使用可能です。,
経費の消費税区分は誰が確認しますか？,申請者と経理担当で内容を確認し、適切に処理してください。,
クレームを受けた際の初動対応は？,事実確認を行い、受付記録を作成し、担当部署へ共有してください。,
問い合わせ対応の基本フローを教えてください。,内容確認・関係部署連携・回答作成・記録保存の順で対応してください。,
対応履歴はどこに記録しますか？,社内指定の管理システムまたは台帳に記録してください。,
在庫差異が発生した場合の対応は？,実地確認を行い、原因特定後に調整処理を行ってください。,
棚卸差異の報告手順を教えてください。,差異一覧を作成し、上長承認後に在庫修正してください。,
棚卸で破損品が見つかった場合は？,状態を記録し、廃棄または調整処理を行ってください。,
在庫数が帳簿と合わない場合は？,再カウントを実施し、原因確認後に修正してください。,
配送遅延が発生した場合の対応は？,状況確認後、顧客へ連絡し、代替案をご案内してください。,
出荷ミスが判明した場合は？,正しい商品を手配し、誤出荷分の回収を行ってください。,
再配送の費用負担はどうなりますか？,契約条件に基づき、社内ルールに従って処理してください。,
配送トラブルの記録は必要ですか？,再発防止のため、内容を必ず記録してください。,
請求書の送付先変更依頼があった場合は？,変更内容を確認し、登録情報を更新してください。,
請求書の再発行依頼があった場合は？,本人確認後、再発行し、送付履歴を更新してください。,
支払証明書の発行は可能ですか？,支払確認後、所定様式で発行してください。,
見積書とは何ですか？,見積書とは、取引前に金額や条件を提示する書類です。,
発注書とは何ですか？,発注書とは、商品やサービスの注文内容を正式に伝える書類です。,
納品書とは何ですか？,納品書とは、納品内容を確認するための書類です。,
検収とは何ですか？,検収とは、納品物が契約通りか確認する作業です。,
検収書とは何ですか？,検収書とは、検収完了を証明する書類です。,
経費精算とは何ですか？,経費精算とは、立替えた費用を会社に請求する手続きです。,
交通費精算とは何ですか？,交通費精算とは、業務で使用した交通費を申請することです。,
備品管理とは何ですか？,備品管理とは、会社の備品を適切に管理する業務です。,
在庫管理とは何ですか？,在庫管理とは、商品の数量や状態を把握する業務です。,
棚卸とは何ですか？,棚卸とは、在庫数量を実際に確認する作業です。,
購買業務とは何ですか？,購買業務とは、必要な物品を購入する業務です。,
外注管理とは何ですか？,外注管理とは、委託先との契約や進捗を管理することです。,
契約書とは何ですか？,契約書とは、取引条件を文書で定めたものです。,
契約更新とは何ですか？,契約更新とは、契約期間を延長する手続きです。,
契約解除とは何ですか？,契約解除とは、契約を終了させることです。,
支払方法には何がありますか？,銀行振込や現金、クレジットカードなどがあります。,
銀行振込とは何ですか？,銀行振込とは、銀行を通じて支払いを行う方法です。,
前払いとは何ですか？,前払いとは、サービス提供前に支払うことです。,
後払いとは何ですか？,後払いとは、サービス提供後に支払うことです。,
分割払いとは何ですか？,分割払いとは、金額を分けて支払う方法です。,
請求金額に誤りがある場合はどうしますか？,速やかに修正請求書を発行します。,
修正請求書とは何ですか？,修正請求書とは、内容を訂正した請求書です。,
再発行とは何ですか？,再発行とは、紛失時などに書類を作り直すことです。,
締日とは何ですか？,締日とは、請求対象を区切る基準日です。,
月末締めとは何ですか？,月末を締日とする請求方法です。,
支払サイトとは何ですか？,支払サイトとは、締日から支払日までの期間です。,
30日サイトとは何ですか？,締日から30日後に支払う条件です。,
督促とは何ですか？,支払いを促す連絡や対応です。,
督促状とは何ですか？,支払いを求める正式な書面です。,
未払金とは何ですか？,まだ支払われていない金額です。,
立替金とは何ですか？,一時的に個人が支払った業務費用です。,
精算期限とは何ですか？,精算申請を行う期限です。,
稟議とは何ですか？,社内で承認を得るための手続きです。,
稟議書とは何ですか？,承認申請内容をまとめた書類です。,
承認フローとは何ですか？,承認までの手順や流れです。,
内部統制とは何ですか？,業務の適正を確保する仕組みです。,
監査とは何ですか？,業務や会計を確認する作業です。,
内部監査とは何ですか？,社内で行う監査です。,
外部監査とは何ですか？,第三者が行う監査です。,
書類保管とは何ですか？,書類を一定期間保存することです。,
保存期間とは何ですか？,書類を保管すべき期間です。,
電子帳簿保存とは何ですか？,書類を電子データで保存する方法です。,
電子請求書とは何ですか？,電子データ形式の請求書です。,
PDF請求書とは何ですか？,PDF形式で発行される請求書です。,
押印とは何ですか？,書類に印鑑を押すことです。,
社印とは何ですか？,会社を代表する印鑑です。,
担当者とは何ですか？,業務を担当する責任者です。,
窓口とは何ですか？,問い合わせや対応を行う部署です。,
納期とは何ですか？,納品する期限です。,
納期遅延とは何ですか？,予定より納品が遅れることです。,
遅延時の対応は？,取引先に連絡し調整します。,
キャンセルとは何ですか？,注文や契約を取り消すことです。,
キャンセル料とは何ですか？,取消時に発生する費用です。,
返品とは何ですか？,納品物を返却することです。,
交換対応とは何ですか？,不良品を別の商品と交換することです。,
クレーム対応とは何ですか？,顧客からの不満に対応することです。,
問い合わせ対応とは何ですか？,質問や相談に対応する業務です。,
マニュアルとは何ですか？,業務手順をまとめた文書です。,
業務フローとは何ですか？,業務の流れを整理したものです。,
引継ぎとは何ですか？,業務を次の担当者に伝えることです。,
スケジュール管理とは何ですか？,業務予定を管理することです。,
タスク管理とは何ですか？,作業内容と進捗を管理することです。,
報告書とは何ですか？,業務結果をまとめた書類です。,
月次報告とは何ですか？,毎月行う業務報告です。,
年次報告とは何ですか？,一年分をまとめた報告です。,
業務改善とは何ですか？,業務効率を向上させる取り組みです。,
コスト削減とは何ですか？,経費を減らす取り組みです。,
後勤業務とは何ですか？,現場を支える管理・支援業務です。,
支払先とは何ですか？,支払先とは、代金を支払う相手先です。,
取引先とは何ですか？,取引先とは、継続的に取引を行う相手企業です。,
新規取引とは何ですか？,新しく取引を開始することです。,
与信管理とは何ですか？,取引先の支払能力を管理することです。,
与信限度額とは何ですか？,取引先ごとに設定する取引上限金額です。,
回収管理とは何ですか？,売掛金を確実に回収するための管理です。,
売掛金とは何ですか？,商品やサービス提供後に受け取る代金です。,
買掛金とは何ですか？,仕入れ後に支払う必要のある代金です。,
相殺処理とは何ですか？,債権と債務を差し引いて処理することです。,
振込手数料とは何ですか？,銀行振込時に発生する手数料です。,
手数料負担とは何ですか？,どちらが手数料を支払うかの取り決めです。,
支払依頼書とは何ですか？,支払いを社内に申請する書類です。,
支払承認とは何ですか？,支払い実行前の承認手続きです。,
支払処理とは何ですか？,実際に支払いを行う業務です。,
振込予定日とは何ですか？,振込を行う予定の日付です。,
振込確認とは何ですか？,支払いが完了したか確認する作業です。,
入金確認とは何ですか？,取引先からの入金を確認することです。,
入金遅延とは何ですか？,予定日までに入金されないことです。,
残高管理とは何ですか？,口座残高を把握する業務です。,
口座情報とは何ですか？,銀行名や口座番号などの情報です。,
請求データとは何ですか？,請求書作成に使用する情報です。,
請求漏れとは何ですか？,請求すべき取引を請求していない状態です。,
二重請求とは何ですか？,同じ内容を重複して請求することです。,
請求締切とは何ですか？,請求処理を完了すべき期限です。,
請求一覧とは何ですか？,請求状況をまとめたリストです。,
請求管理表とは何ですか？,請求業務を管理する表です。,
支払管理表とは何ですか？,支払い状況を管理する表です。,
原価管理とは何ですか？,コストを把握し管理する業務です。,
予算管理とは何ですか？,予算と実績を管理することです。,
予算超過とは何ですか？,予算を超えて支出することです。,
費用計上とは何ですか？,支出を会計上の費用として処理することです。,
会計処理とは何ですか？,取引を帳簿に記録する作業です。,
仕訳とは何ですか？,取引内容を勘定科目に分けて記録することです。,
勘定科目とは何ですか？,会計処理で使用する分類項目です。,
月次締めとは何ですか？,月ごとに会計を締める作業です。,
年次決算とは何ですか？,一年分の会計をまとめる作業です。,
固定資産とは何ですか？,長期間使用する資産です。,
減価償却とは何ですか？,資産の価値を分割して費用化することです。,
資産管理とは何ですか？,会社資産を管理する業務です。,
備品台帳とは何ですか？,備品情報を記録した帳簿です。,
貸与品とは何ですか？,社員に貸し出す物品です。,
返却確認とは何ですか？,貸与品が返却されたか確認することです。,
倉庫管理とは何ですか？,倉庫内の商品を管理する業務です。,
入庫とは何ですか？,商品を倉庫に入れる作業です。,
出庫とは何ですか？,商品を倉庫から出す作業です。,
在庫差異とは何ですか？,帳簿と実在庫の差です。,
不良在庫とは何ですか？,長期間動かない在庫です。,
廃棄処理とは何ですか？,不要品を処分する手続きです。,
発注数量とは何ですか？,注文する数量です。,
最小発注量とは何ですか？,発注可能な最小数量です。,
納品遅延の連絡はどうしますか？,取引先へ速やかに連絡します。,
納品確認とは何ですか？,納品内容を確認する作業です。,
配送手配とは何ですか？,配送業者を手配することです。,
配送伝票とは何ですか？,配送情報を記載した書類です。,
配送状況確認とは何ですか？,荷物の状況を確認することです。,
送料とは何ですか？,配送にかかる費用です。,
送料負担とは何ですか？,送料を誰が負担するかの条件です。,
納品完了とは何ですか？,商品が無事に納品された状態です。,
業務委託とは何ですか？,業務を外部に委ねる契約です。,
委託費とは何ですか？,業務委託に対する支払いです。,
成果物とは何ですか？,業務委託の結果として提出されるものです。,
進捗管理とは何ですか？,作業の進み具合を管理することです。,
業務報告とは何ですか？,業務内容を報告することです。,
作業記録とは何ですか？,実施した作業を記録したものです。,
勤怠管理とは何ですか？,出勤や労働時間を管理する業務です。,
残業申請とは何ですか？,残業を事前に申請する手続きです。,
シフト管理とは何ですか？,勤務予定を調整・管理することです。,
業務日報とは何ですか？,一日の業務内容をまとめた報告です。,
内部連絡とは何ですか？,社内で行う連絡です。,
業務連絡とは何ですか？,業務に関する情報共有です。,
管理部門とは何ですか？,会社運営を支える部門です。,
総務業務とは何ですか？,会社全体を支える管理業務です。,
経理業務とは何ですか？,お金を管理する業務です。,
後勤支援とは何ですか？,現場業務を裏方として支援することです。,
取引条件とは何ですか？,取引条件とは、価格や支払方法などの取り決め内容です。,
支払条件とは何ですか？,支払条件とは、支払期限や方法に関する取り決めです。,
納品条件とは何ですか？,納品条件とは、納期や納品場所に関する条件です。,
検収条件とは何ですか？,検収条件とは、検収基準や方法の取り決めです。,
業務範囲とは何ですか？,業務範囲とは、担当する業務内容の範囲です。,
役割分担とは何ですか？,役割分担とは、業務を分けて担当することです。,
責任範囲とは何ですか？,責任範囲とは、担当者が責任を持つ範囲です。,
承認権限とは何ですか？,承認権限とは、承認を行う権利です。,
決裁とは何ですか？,決裁とは、責任者が最終判断を下すことです。,
決裁者とは何ですか？,決裁者とは、決裁を行う責任者です。,
申請内容とは何ですか？,申請内容とは、申請書に記載された事項です。,
申請不備とは何ですか？,申請書の記載や書類が不足している状態です。,
差戻しとは何ですか？,内容不備により申請を戻すことです。,
再申請とは何ですか？,修正後に再度申請することです。,
業務効率化とは何ですか？,業務の無駄を減らし効率を上げる取り組みです。,
標準化とは何ですか？,業務手順を統一することです。,
業務ルールとは何ですか？,業務を行う際の決まりごとです。,
社内規程とは何ですか？,会社内で定めたルールです。,
運用ルールとは何ですか？,実際の業務で適用するルールです。,
例外対応とは何ですか？,通常ルール外で対応することです。,
暫定対応とは何ですか？,一時的な対応策です。,
恒久対応とは何ですか？,長期的に適用する対応策です。,
業務停止とは何ですか？,業務を一時的に止めることです。,
再開対応とは何ですか？,停止した業務を再開する対応です。,
リスク管理とは何ですか？,業務上のリスクを管理することです。,
トラブル対応とは何ですか？,問題発生時の対応です。,
是正対応とは何ですか？,問題を修正する対応です。,
再発防止とは何ですか？,同じ問題を繰り返さない対策です。,
内部共有とは何ですか？,社内で情報を共有することです。,
関係部署とは何ですか？,業務に関わる部署です。,
調整業務とは何ですか？,関係者間で調整する業務です。,
業務依頼とは何ですか？,他部署や外部へ業務を依頼することです。,
依頼内容とは何ですか？,依頼時に伝える業務内容です。,
対応状況とは何ですか？,業務対応の進み具合です。,
完了報告とは何ですか？,業務完了を伝える報告です。,
未対応とは何ですか？,まだ対応していない状態です。,
対応期限とは何ですか？,対応を完了すべき期限です。,
優先度とは何ですか？,業務の重要度や緊急度です。,
業務優先順位とは何ですか？,業務を行う順番です。,
確認事項とは何ですか？,事前に確認すべき内容です。,
注意事項とは何ですか？,特に注意すべき点です。,
管理責任とは何ですか？,管理に対する責任です。,
監督責任とは何ですか？,業務を監督する責任です。,
報告義務とは何ですか？,報告を行う必要がある責任です。,
情報管理とは何ですか？,情報を適切に扱うことです。,
個人情報管理とは何ですか？,個人情報を保護・管理することです。,
機密情報とは何ですか？,外部に漏らしてはいけない情報です。,
情報漏洩とは何ですか？,情報が外部に流出することです。,
管理台帳とは何ですか？,管理対象を記録した帳簿です。,
更新履歴とは何ですか？,変更内容の記録です。,
最新版とは何ですか？,最新の内容が反映された版です。,
旧版とは何ですか？,更新前の古い版です。,
差分確認とは何ですか？,変更点を確認することです。,
業務引当とは何ですか？,業務に人員や資源を割り当てることです。,
人員配置とは何ですか？,人を適切に配置することです。,
業務負荷とは何ですか？,業務量による負担です。,
稼働状況とは何ですか？,業務の稼働状態です。,
後方支援とは何ですか？,直接業務を行わず支援する役割です。,
業務手続きとは何ですか？,業務を進めるために定められた一連の作業です。,
標準手順とは何ですか？,業務を一定の方法で行うための手順です。,
作業工程とは何ですか？,業務を構成する各段階の作業です。,
管理対象とは何ですか？,管理が必要な物や情報です。,
管理方法とは何ですか？,対象を適切に扱うための方法です。,
確認作業とは何ですか？,内容や状態を確かめる作業です。,
記録管理とは何ですか？,情報を記録し保存することです。,
更新作業とは何ですか？,情報を最新の状態にする作業です。,
定期作業とは何ですか？,一定の周期で行う作業です。,
臨時対応とは何ですか？,必要に応じて行う対応です。,
業務範囲外とは何ですか？,担当業務に含まれない内容です。,
業務依存とは何ですか？,他の業務に影響を受ける関係です。,
前提条件とは何ですか？,業務を行う前に満たすべき条件です。,
実施条件とは何ですか？,作業を実行するための条件です。,
制約条件とは何ですか？,業務上の制限となる条件です。,
対応可否とは何ですか？,対応できるかどうかの判断です。,
判断基準とは何ですか？,判断を行う際の基準です。,
管理基準とは何ですか？,管理を行うための基準です。,
確認基準とは何ですか？,確認時に用いる基準です。,
評価対象とは何ですか？,評価を行う対象です。,
評価方法とは何ですか？,評価を行うための方法です。,
業務結果とは何ですか？,業務の実行によって得られた内容です。,
実施状況とは何ですか？,業務がどの程度進んでいるかの状態です。,
対応履歴とは何ですか？,過去の対応内容の記録です。,
記録内容とは何ですか？,保存されている情報の中身です。,
管理情報とは何ですか？,業務管理に用いる情報です。,
参照情報とは何ですか？,確認や判断のために参照する情報です。,
共有資料とは何ですか？,複数人で利用する資料です。,
管理資料とは何ですか？,管理目的で使用する資料です。,
作業手配とは何ですか？,作業を行う準備や割当です。,
対応区分とは何ですか？,対応内容を分類したものです。,
処理内容とは何ですか？,実際に行った対応の内容です。,
作業完了とは何ですか？,作業がすべて終了した状態です。,
未完了とは何ですか？,作業が終了していない状態です。,
確認待ちとは何ですか？,確認が完了していない状態です。,
保留とは何ですか？,判断や対応を一時停止することです。,
再確認とは何ですか？,内容をもう一度確認することです。,
補足説明とは何ですか？,不足部分を補う説明です。,
注意点とは何ですか？,特に留意すべき事項です。,
参考事項とは何ですか？,判断の参考となる情報です。,
例示とは何ですか？,理解を助けるための具体例です。,
業務区分とは何ですか？,業務を分類した区分です。,
管理区分とは何ですか？,管理目的で分けた分類です。,
処理区分とは何ですか？,処理方法ごとの分類です。,
対象外とは何ですか？,今回の対応に含まれないものです。,
管理単位とは何ですか？,管理を行う最小の単位です。,
業務単位とは何ですか？,業務を区切る単位です。,
進行管理とは何ですか？,業務の進み具合を管理することです。,
工程管理とは何ですか？,作業工程を管理することです。,
状態管理とは何ですか？,状況を把握し管理することです。,
記録漏れとは何ですか？,記録すべき内容が残っていない状態です。,
確認漏れとは何ですか？,確認が行われていない状態です。,
対応漏れとは何ですか？,対応が実施されていない状態です。,
修正対応とは何ですか？,誤りを正す対応です。,
補正処理とは何ですか？,数値や内容を調整する処理です。,
再処理とは何ですか？,同じ作業を再度行うことです。,
業務整理とは何ですか？,業務内容を整理することです。,
業務見直しとは何ですか？,業務方法を再検討することです。,
管理改善とは何ですか？,管理方法を改善することです。,
業務調整とは何ですか？,業務内容や量を調整することです。,
後続作業とは何ですか？,前工程の後に行う作業です。,
前工程とは何ですか？,後続作業の前に行う工程です。,
相互確認とは何ですか？,複数人で確認を行うことです。,
管理補助とは何ですか？,管理業務を補助する役割です。,
業務補助とは何ですか？,主業務を支援する作業です。,
全体管理とは何ですか？,業務全体を把握し管理することです。,
部分管理とは何ですか？,一部の業務のみを管理することです。,
支払期限とは何ですか？,支払期限とは、請求書に記載された支払いを完了すべき期限の日付です。,
支払期限を過ぎた場合はどう対応しますか？,まず顧客に支払い状況を確認し、必要に応じて内容証明郵便や電話で督促を行います。,
見積書とは何ですか？,見積書とは、商品・サービスの内容と予想される金額を提示する書類です。,
納品書とは何ですか？,納品書とは、商品やサービスを納品したことを証明する書類です。,
検収書とは何ですか？,検収書とは、納品された商品やサービスに問題がないことを確認・承認する書類です。,
支払通知書とは何ですか？,支払通知書とは、振込予定日・振込金額などを事前に知らせる書類です。,
源泉徴収票とは何ですか？,源泉徴収票とは、1年間に支払った給与・報酬から源泉徴収した所得税額を証明する書類です。,
法定調書合計表とは何ですか？,法定調書合計表とは、支払調書をまとめて税務署に提出するための集計表です。,
振込手数料の負担はどちらですか？,原則として振込依頼人（支払側）が負担します（三方請求の場合は特約による）。,
適格請求書等保存方式（インボイス制度）とは何ですか？,2023年10月開始の消費税の仕入税額控除に必要な適格請求書（インボイス）の制度です。,
登録番号とは何ですか？,Tから始まる13桁の法人番号をベースにしたインボイス登録番号です。,
少額特例とは何ですか？,3万円未満（税込）の取引についてはインボイスがなくても仕入税額控除が可能な経過措置です。,
仕入税額控除とは何ですか？,事業者が支払った消費税から、受け取った消費税を差し引いて納税額を計算する仕組みです。,
勘定科目とは何ですか？,取引の内容を分類するための会計上の項目名（例：租税公課、通信費など）です。,
仕訳とは何ですか？,取引を借方・貸方に分けて記録することです。,
複式簿記とは何ですか？,一つの取引を借方と貸方の両方で同額記録する会計方式です。,
発生主義とは何ですか？,現金の出入に関係なく、経済的取引が発生した時点で認識・計上する方法です。,
現金主義とは何ですか？,現金の実際の受払いがあった時点で収支を認識する方法です。,
減価償却とは何ですか？,固定資産の取得価額を耐用年数にわたって費用化する会計処理です。,
定額法とは何ですか？,毎年同額を減価償却費とする方法です。,
定率法とは何ですか？,未償却残高に一定の率をかけて償却額を計算する方法です。,
200%定率法とは何ですか？,旧定率法の約2倍の償却率を用いる現行の主な定率法です。,
耐用年数とは何ですか？,減価償却資産が使用できると見込まれる標準的な年数です。,
残存価額とは何ですか？,耐用年数終了後に残るであろう資産の処分可能価額です（現在は多くの場合0円）。,
固定資産とは何ですか？,1年以上の長期にわたり使用する有形・無形の資産です。,
棚卸資産とは何ですか？,販売目的で保有する商品・製品・原材料などの流動資産です。,
売掛金とは何ですか？,商品やサービスを掛けで販売した代金で、まだ受け取っていない金額です。,
買掛金とは何ですか？,商品やサービスを掛けで仕入れた代金で、まだ支払っていない金額です。,
未払金とは何ですか？,買掛金以外の通常1年以内に支払うべき債務です。,
前受金とは何ですか？,商品・サービス提供前に顧客から受け取った代金です。,
前払費用とは何ですか？,支払いは済んでいるが、まだサービスを受けていない費用（例：前払保険料）です。,
未払費用とは何ですか？,サービスは受けているが、まだ支払っていない費用です。,
仮払金とは何ですか？,最終的な勘定科目が確定していない一時的な立替金です。,
仮受金とは何ですか？,最終的な勘定科目が確定していない一時的に受け取った金銭です。,
雑益・雑損とは何ですか？,本業以外の臨時的・少額の収益・費用を計上する勘定科目です。,
交際費とは何ですか？,取引先への接待・贈答などで発生する費用です。,
会議費とは何ですか？,会議や打ち合わせに直接要する飲食費などで、社内会議も含みます。,
福利厚生費とは何ですか？,従業員の福利厚生のために支出する費用（慶弔見舞金、健康診断費用など）です。,
租税公課とは何ですか？,税金や公的な負担金（固定資産税、自動車税、印紙税など）です。,
支払手数料とは何ですか？,銀行振込手数料、クレジットカード手数料、売上手数料などです。,
通信費とは何ですか？,電話代、インターネット代、郵便代、宅配便代などです。,
消耗品費とは何ですか？,文房具、コピー用紙、少額の備品など（10万円未満かつ使用年数1年未満）です。,
新聞図書費とは何ですか？,新聞・雑誌・書籍・電子書籍の購入費です。,
旅費交通費とは何ですか？,出張の交通費・宿泊費・日当などです。,
支払運賃とは何ですか？,商品の販売時に発生する運送料です。,
荷造費とは何ですか？,出荷時の梱包資材・梱包作業費です。,
外注費とは何ですか？,外部に委託した製造・加工・デザイン・システム開発などの費用です。,
給与とは何ですか？,従業員に対して支払う基本給・手当・賞与です。,
賞与とは何ですか？,一時的に支払われるボーナス（夏期・冬期賞与など）です。,
法定福利費とは何ですか？,会社が負担する社会保険料（健康保険・厚生年金・雇用保険・労災保険）の事業主負担分です。,
法定福利費と福利厚生費の違いは？,法定福利費は法律で義務付けられた社会保険料負担分、福利厚生費は任意の福利厚生費用です。,
住民税の特別徴収とは何ですか？,給与から天引きして市区町村に納付する住民税の徴収方法です。,
扶養控除等申告書とは何ですか？,年末調整や源泉徴収税額表の甲欄・乙欄を判断するための書類です。,
年末調整とは何ですか？,1年間の給与から源泉徴収した所得税を精算する手続きです。,
法定三帳簿とは何ですか？,仕訳帳・総勘定元帳・現金出納帳の3つです。,
簡易課税制度とは何ですか？,売上にかかる消費税をみなし仕入率で計算できる制度です。,
みなし仕入率とは何ですか？,業種ごとに定められた簡易課税の仕入率です。,
課税売上高とは何ですか？,消費税の課税対象となる売上高です。,
免税事業者とは何ですか？,基準期間の課税売上高が1,000万円以下で消費税の納税義務がない事業者です。
課税事業者選択届出書とは何ですか？,免税事業者であっても自ら課税事業者になることを選択する届出です。,
中間申告とは何ですか？,事業年度が6ヶ月超の場合に行う中間時点の法人税等の申告納付です。,
予定納税とは何ですか？,個人事業主が前年の所得税額に基づいて前払いする所得税です。,
償却資産税とは何ですか？,固定資産税のうち、機械装置・工具器具などの償却資産にかかる税金です。,
固定資産台帳とは何ですか？,固定資産の取得・処分・減価償却状況を管理する帳簿です。,
少額減価償却資産の特例とは何ですか？,取得価額30万円未満の資産を一時に全額経費処理できる制度です。,
一括償却資産とは何ですか？,取得価額20万円未満の資産を3年間で均等償却する資産です。,
貸倒引当金とは何ですか？,売掛金などの貸倒れに備えて設定する引当金です。,
貸倒損失とは何ですか？,実際に貸倒れが確定したときに計上する損失です。,
貸倒れとは何ですか？,債権が回収不能となった状態です。,
債権放棄とは何ですか？,回収見込みがない債権を自ら放棄することです。,
債務超過とは何ですか？,負債の合計が資産の合計を上回っている状態です。,
黒字倒産とは何ですか？,帳簿上は黒字でも資金繰りが悪化して倒産することです。,
運転資金とは何ですか？,日常の事業活動に必要な資金です。,
設備資金とは何ですか？,固定資産の取得や増設に必要な資金です。,
当座借越とは何ですか？,当座預金の残高を超えて引き出しができる契約です。,
手形割引とは何ですか？,受取手形を銀行に持ち込んで期日前に現金化することです。,
電子記録債権とは何ですか？,でんさいネットで管理される電子記録上の金銭債権です。,
電子インボイスとは何ですか？,インボイス制度に対応した電子形式の適格請求書です。,
EDIとは何ですか？,企業間での電子商取引のためのデータ交換方式です。,
経費精算とは何ですか？,従業員が立て替えた費用を会社が精算・支払う手続きです。,
立替金精算書とは何ですか？,立て替えた経費の内容を記載して精算を依頼する書類です。,
交通費精算とは何ですか？,出張や営業活動で発生した交通費を精算する手続きです。,
出張旅費規程とは何ですか？,出張時の旅費・日当などの支給基準を定めた社内規則です。,
社内規定とは何ですか？,社内のルールや手続きを定めた文書です。,
稟議書とは何ですか？,稟議決裁を行うための起案書類です。,
決裁フローとは何ですか？,稟議・承認の順番と権限者を定めた流れです。,
社内稟議とは何ですか？,社内の意思決定を行うための稟議手続きです。,
契約書とは何ですか？,当事者間の権利義務を文書化した合意書です。,
覚書とは何ですか？,契約の変更・追加・補足を行う文書です。,
基本契約書とは何ですか？,継続的な取引の基本条件を定めた契約書です。,
個別契約書とは何ですか？,基本契約に基づく個別の取引ごとに締結する契約書です。,
秘密保持契約（NDA）とは何ですか？,機密情報の漏洩を防ぐための契約です。,
業務委託契約とは何ですか？,外部に業務を委託する際の契約です。,
請負契約とは何ですか？,仕事の完成を目的とする契約です。,
準委任契約とは何ですか？,業務の遂行そのものを目的とする契約です。,
派遣契約とは何ですか？,労働者派遣事業者が労働者を派遣する契約です。,
労働者派遣法とは何ですか？,派遣労働者の保護を目的とした法律です。,
有給休暇とは何ですか？,労働基準法で定められた年次有給休暇です。,
時間外労働とは何ですか？,法定労働時間を超える労働のことです。,
36協定とは何ですか？,時間外労働・休日労働を行うために必要な労使協定です。,
変形労働時間制とは何ですか？,一定期間の総労働時間を定め、期間内で柔軟に労働時間を配分できる制度です。,
フレックスタイム制とは何ですか？,始業・終業時刻を労働者が決められる制度です。,
裁量労働制とは何ですか？,業務の性質上労働時間の算定が難しい職種に適用される制度です。,
同一労働同一賃金とは何ですか？,正社員と非正規社員の不合理な待遇差を禁止する制度です。,
就業規則とは何ですか？,労働条件や服務規律を定めた会社の規則です。,
賃金台帳とは何ですか？,各労働者の賃金支払い状況を記録した帳簿です。,
労働者名簿とは何ですか？,事業所に使用される労働者の氏名・生年月日などを記載した名簿です。,
出勤簿とは何ですか？,労働者の出勤・欠勤・遅刻・早退などを記録する帳簿です。,
タイムカードとは何ですか？,出退勤時刻を記録するカードです。,
残業代とは何ですか？,時間外労働・深夜労働・休日労働に対して支払われる割増賃金です。,
深夜割増とは何ですか？,午後10時～午前5時の労働に対する25%以上の割増賃金です。,
休日割増とは何ですか？,法定休日労働に対する35%以上の割増賃金です。,
年次有給休暇の最低付与日数は？,6ヶ月継続勤務かつ所定労働日の8割以上出勤した場合に10日です。,
有給休暇の時季指定とは何ですか？,会社が労働者の希望を聞いた上で取得時期を指定できる制度です。,
育児・介護休業法とは何ですか？,育児・介護のための休業を取得できる権利を定めた法律です。,
産前産後休業とは何ですか？,女性労働者が取得できる出産前後の休業です。,
育児休業とは何ですか？,1歳未満（条件により2歳まで）の子を養育するための休業です。,
介護休業とは何ですか？,要介護状態の家族を介護するための休業です。,
短時間勤務制度とは何ですか？,小学校就学前までの子を養育する労働者が取得できる短時間勤務です。,
雇用保険とは何ですか？,失業等給付や育児休業給付などを支給する公的保険です。,
労災保険とは何ですか？,業務上または通勤途上の負傷・疾病に対する補償を行う保険です。,
健康保険とは何ですか？,業務外の病気・ケガ・出産・死亡に対する給付を行う保険です。,
厚生年金保険とは何ですか？,老齢・障害・遺族に対する年金を支給する保険です。,
雇用保険料の負担割合は？,事業主負担と労働者負担がほぼ同額（業種により異なる）です。,
社会保険の加入義務があるのは？,常時雇用する従業員が一定数以上いる法人・個人事業主です。,
社会保険の適用事業所とは何ですか？,社会保険の加入義務が生じる事業所です。,
任意適用とは何ですか？,法律上の加入義務がない事業所が任意で社会保険に加入することです。,
業務の目的とは何ですか？,業務の目的とは、業務を行う理由や達成したい内容です。,
業務内容とは何を指しますか？,業務内容とは、実際に行う作業や対応を指します。,
業務が発生する理由は何ですか？,業務は必要性や要件に基づいて発生します。,
業務が完了した状態とはどのような状態ですか？,必要な作業がすべて終了している状態です。,
業務が継続中とはどういう意味ですか？,業務が進行しており完了していない状態です。,
業務の開始条件とは何ですか？,業務を始めるために必要な条件です。,
業務の終了条件とは何ですか？,業務を終了と判断するための条件です。,
業務情報とは何を含みますか？,業務に関連するデータや記録を含みます。,
業務判断とは何ですか？,状況に基づいて対応を決めることです。,
業務判断に使われる情報とは何ですか？,記録や確認結果などの情報です。,
業務上の確認とは何を目的としますか？,内容の正確性や状態を確かめることです。,
業務上の記録は何のために行いますか？,後から確認できるようにするためです。,
業務処理とはどのような行為ですか？,業務として定められた対応を行うことです。,
業務処理が必要になるのはどのような場合ですか？,対応や判断が求められる場合です。,
業務の流れとは何を表しますか？,業務が進む順序を表します。,
業務の段階とは何ですか？,業務を構成する各ステップです。,
業務全体とは何を指しますか？,一連の業務プロセス全体です。,
業務の一部とは何ですか？,全体の中の特定の作業です。,
業務対応とは何を意味しますか？,業務上必要な処理を行うことです。,
業務対応の結果とは何ですか？,対応後に得られる状態や情報です。,
業務確認が必要な理由は何ですか？,誤りや不足を防ぐためです。,
業務調整が行われるのはどのような時ですか？,条件や状況に変化がある場合です。,
業務情報の更新とは何ですか？,情報を新しい内容に置き換えることです。,
業務情報が古い状態とは何ですか？,最新の状況が反映されていない状態です。,
業務情報を参照する目的は何ですか？,判断や確認に利用するためです。,
業務の管理とは何を行いますか？,業務の状況を把握し整理します。,
業務管理が必要な理由は何ですか？,業務を円滑に進めるためです。,
業務の進行とは何を指しますか？,業務が順に進んでいる状態です。,
業務進行の確認とは何ですか？,進捗状況を把握することです。,
業務の遅れとはどのような状態ですか？,予定より進んでいない状態です。,
業務の中断とは何ですか？,一時的に作業を止めることです。,
業務の再開とは何ですか？,中断した作業を再び行うことです。,
業務上の情報共有とは何ですか？,必要な情報を関係者に伝えることです。,
業務上の連携とは何を意味しますか？,複数の担当が協力することです。,
業務の引継ぎとは何ですか？,担当を変更する際に情報を伝えることです。,
業務引継ぎで重要な点は何ですか？,必要な情報が不足しないことです。,
業務記録が不足するとどうなりますか？,後の確認が難しくなります。,
業務内容の把握とは何ですか？,業務の内容を理解することです。,
業務状況の把握とは何ですか？,現在の状態を理解することです。,
業務対応の範囲とは何ですか？,対応可能な内容の範囲です。,
業務対象とは何を指しますか？,業務として扱うものです。,
業務対象外とは何ですか？,業務に含まれない内容です。,
業務結果の確認とは何ですか？,対応内容が反映されているかを見ることです。,
業務結果の記録とは何ですか？,結果を情報として残すことです。,
業務処理の完了確認とは何ですか？,処理が終わっているかを確認することです。,
業務の整理とは何を行いますか？,業務内容を分かりやすくまとめます。,
業務の見直しとは何ですか？,業務方法を再確認することです。,
業務改善が行われる目的は何ですか？,業務をより円滑にするためです。,
業務の安定運用とは何ですか？,業務が継続的に行われる状態です。,
業務上の判断材料とは何ですか？,判断に使われる情報です。,
業務上の前提とは何ですか？,業務を考える際の前提条件です。,
業務対応の記録とは何を残しますか？,対応した内容や日時を残します。,
業務履歴とは何ですか？,過去の業務記録の集まりです。,
業務状態の区分とは何ですか？,業務を状態別に分けた分類です。,
業務の進捗状態とは何ですか？,進み具合を表す状態です。,
業務全般とは何を意味しますか？,業務に関する全体的な内容です。,
業務支援とは何ですか？,業務を円滑に進めるための補助です。,
業務補完とは何ですか？,不足部分を補う対応です。,
業務の把握不足とは何ですか？,業務内容を十分理解していない状態です。,
業務確認の重要性とは何ですか？,正確な業務遂行につながる点です。,
業務処理の流れを確認する目的は何ですか？,全体像を理解するためです。,
振込不能となった場合の処理はどうしますか？,振込不能となった場合は速やかに銀行から返金を受け、顧客に連絡して正しい口座情報を再確認します。,
督促状とは何ですか？,支払いが遅れている相手に対して支払いを催促する正式な文書です。,
内容証明郵便とは何ですか？,郵便局が内容・差出日・宛先を証明してくれる郵便で、法的効力を持つ督促に使われます。,
消極的債権放棄とは何ですか？,回収不能と判断し、会計上債権を除外する処理（貸倒処理）です。,
貸倒れ確実となった場合の会計処理は？,貸倒引当金を戻し入れ、貸倒損失として費用計上します。,
棚卸減耗とは何ですか？,実地棚卸で帳簿数量より少ない場合の差異損失です。,
棚卸増耗とは何ですか？,実地棚卸で帳簿数量より多い場合の差異益です。,
棚卸資産の評価方法には何がありますか？,先入先出法、総平均法、移動平均法、個別法などがあります。,
低価法とは何ですか？,期末時点で取得原価と時価（正味売却価額）のいずれか低い方を棚卸資産の評価額とする方法です。,
売上原価とは何ですか？,売上に対応する商品・製品の仕入原価や製造原価のことです。,
売上総利益とは何ですか？,売上高から売上原価を引いた粗利益です。,
営業利益とは何ですか？,売上総利益から販売費及び一般管理費を引いた利益です。,
経常利益とは何ですか？,営業利益に営業外収益を加え、営業外費用を引いた利益です。,
税引前当期純利益とは何ですか？,経常利益に特別利益を加え、特別損失を引いた額です。,
当期純利益とは何ですか？,税引前当期純利益から法人税・住民税・事業税等を引いた最終利益です。,
利益剰余金とは何ですか？,過去の当期純利益の積み立て分で、内部留保の一部です。,
資本剰余金とは何ですか？,株式発行差金や資本準備金など、資本取引で生じた剰余金です。,
繰越欠損金とは何ですか？,過去に生じた欠損金を翌期以降に繰り越して利益と相殺できる金額です。,
税効果会計とは何ですか？,会計上の利益と税務上の課税所得の差異（一時差異）を調整する会計処理です。,
繰延税金資産とは何ですか？,将来減少しうる税額（将来の節税効果）を資産として計上するものです。,
繰延税金負債とは何ですか？,将来増加する税額を見込んで負債として計上するものです。,
有形固定資産とは何ですか？,土地・建物・構築物・機械装置・車両運搬具・工具器具備品など物理的に存在する固定資産です。,
無形固定資産とは何ですか？,特許権・実用新案権・商標権・ソフトウェア・のれんなど形のない資産です。,
投資その他の資産とは何ですか？,長期保有目的の有価証券・長期貸付金・敷金・保証金などです。,
長期前払費用とは何ですか？,1年を超えて前払いした費用（例：長期前払家賃）です。,
退職給付引当金とは何ですか？,将来支払う退職金に備えて積み立てる引当金です。,
賞与引当金とは何ですか？,期末に支給予定の賞与を見込んで計上する引当金です。,
修繕引当金とは何ですか？,定期的な大規模修繕に備えて積み立てる引当金です。,
製品保証引当金とは何ですか？,製品の無償修理・交換に備える引当金です。,
電子帳簿保存法とは何ですか？,一定の要件を満たせば紙の帳簿・書類を電子データで保存できる法律です。,
スキャナ保存制度とは何ですか？,紙の請求書などをスキャンして電子保存する制度です。,
タイムスタンプとは何ですか？,電子文書の存在時点と改ざんがないことを証明する技術です。,
電子取引とは何ですか？,EDIやメール、クラウドサービス等でやり取りした取引データのことです。,
電子帳簿等保存の要件とは？,真実性・可視性・検索性を満たすことです。,
キャッシュフロー計算書とは何ですか？,一定期間の現金の増減とその理由を示す財務諸表です。,
営業活動によるキャッシュフローとは何ですか？,本業による現金の出入りを示します。,
投資活動によるキャッシュフローとは何ですか？,固定資産の取得・売却など投資に関する現金の出入りを示します。,
財務活動によるキャッシュフローとは何ですか？,借入・返済・増資・配当など資金調達に関する現金の出入りを示します。,
フリーキャッシュフローとは何ですか？,営業CFから設備投資などを差し引いた自由に使える現金です。,
資金繰り表とは何ですか？,一定期間の現金収入・支出を予測・管理する表です。,
支払サイトとは何ですか？,仕入代金の支払い期限（例：月末締め翌月末払い）のことです。,
回収サイトとは何ですか？,売上代金の入金期限（例：月末締め翌々月10日払い）のことです。,
D/S（デポジット・サイト）とは何ですか？,商品到着後すぐに支払う条件のことです。,
前払条件とは何ですか？,商品出荷前に代金を全額または一部前払いしてもらう条件です。,
掛け条件とは何ですか？,後日まとめて支払う信用取引の条件です。,
手形決済とは何ですか？,手形（約束手形・為替手形）による支払い方法です。,
電子債権記録機関とは何ですか？,でんさいネットを運営する機関（全国銀行協会傘下）です。,
ファクタリングとは何ですか？,売掛金をファクタリング会社に売却して早期に現金化する方法です。,
ABL（資産担保融資）とは何ですか？,売掛金や在庫などの流動資産を担保にした融資です。,
ベンチャーデットとは何ですか？,成長中のスタートアップ向けの債務ファイナンスです。,
社内ベンチャー制度とは何ですか？,社員が新規事業を社内で立ち上げる制度です。,
副業解禁とは何ですか？,就業規則で副業を認める方針に変更することです。,
テレワーク規程とは何ですか？,在宅勤務のルール・手当・労務管理などを定めた社内規程です。,
ハイブリッド勤務とは何ですか？,出社とリモートワークを組み合わせた勤務形態です。,
サテライトオフィスとは何ですか？,本社以外の場所に設けた小規模な勤務拠点です。,
コワーキングスペースとは何ですか？,複数の企業・個人が共有して使うオフィス空間です。,
健康経営とは何ですか？,従業員の健康増進を経営戦略に位置付ける取り組みです。,
メンタルヘルス対策とは何ですか？,ストレスチェックやカウンセリングなど心の健康を守る施策です。,
ハラスメント防止規程とは何ですか？,パワハラ・セクハラ・マタハラなどを防止するための社内規則です。,
内部通報制度とは何ですか？,法令違反や不正行為を通報できる窓口を設置する制度です。,
公益通報者保護法とは何ですか？,公益通報をした人を不利益な扱いから保護する法律です。,
コンプライアンスとは何ですか？,法令・社内規則・社会規範を遵守することです。,
BCP（事業継続計画）とは何ですか？,災害や感染症発生時でも事業を継続・早期復旧するための計画です。,
BCM（事業継続マネジメント）とは何ですか？,BCPを策定・運用・改善する一連の取り組みです。,
リスクアセスメントとは何ですか？,職場における危険性・有害性の有無と程度を見積もることです。,
安全衛生委員会とは何ですか？,労働安全衛生法に基づき設置される労使の協議機関です。,
以下は、あなたのリクエストに基づいて、さらに新規で自然な後勤（バックオフィス・経理・総務・人事・法務関連）のQ&Aを追加したものです。,,
前回までの150条と重複を避け、実務で頻出するが過度に専門的すぎず、バランスの取れた内容にしています。,,
今回は100条を新規作成しました（合計で250条になります）。,,
過剰に偏らないよう、用語の定義・違い・対応方法・制度・効率化関連を混ぜて多角的に構成しています。,,
質問,回答,
振込不能通知が届いたらどう対応しますか？,銀行から返金された金額を確認し、顧客に連絡して口座情報の再確認と再振込手続きを行います。,
督促の段階分けはどうなりますか？,初回：電話・メール、2回目：督促状、3回目：内容証明郵便、最終：弁護士介入や訴訟検討です。,
債権回収の時効は何年ですか？,商事債権は5年（民法改正後）、一般債権は10年ですが、内容証明で時効中断が可能です。,
貸倒引当金の設定基準は？,法定繰入限度額に基づき、個別評価と一括評価のいずれか高い方を設定します。,
貸倒実績率法とは何ですか？,過去の貸倒実績率を基に引当金を設定する方法です。,
棚卸資産の低価法適用は必須ですか？,法人税法上は適用が義務付けられています（時価が取得原価を下回る場合）。,
売上原価対立法とは何ですか？,期首商品棚卸高＋当期商品仕入高－期末商品棚卸高で売上原価を計算する方法です。,
製造原価とは何ですか？,製品製造に直接・間接にかかったすべての原価（材料費・労務費・経費）の合計です。,
原価計算とは何ですか？,製品1単位あたりの製造原価を正確に把握するための計算です。,
直接原価計算とは何ですか？,変動費のみを製品原価とし、固定費は期間費用とする方法です。,
営業外収益とは何ですか？,本業以外の受取利息・受取配当金・固定資産売却益などです。,
営業外費用とは何ですか？,支払利息・有価証券売却損・為替差損などです。,
特別利益とは何ですか？,前期損益修正益・固定資産売却益（臨時的）などです。,
特別損失とは何ですか？,災害損失・前期損益修正損・減損損失などです。,
包括利益とは何ですか？,当期純利益＋その他の包括利益項目の合計です。,
その他の包括利益とは何ですか？,有価証券評価差額金・退職給付見直し額・換算調整勘定などです。,
自己資本比率とは何ですか？,自己資本÷総資本×100で、財務の健全性を示す指標です。,
流動比率とは何ですか？,流動資産÷流動負債×100で、短期支払能力を示します。,
当座比率とは何ですか？,当座資産÷流動負債×100で、より厳格な短期支払能力を示します。,
負債比率とは何ですか？,負債÷自己資本×100で、借入依存度を示します。,
ROA（総資産利益率）とは何ですか？,当期純利益÷総資産×100で、資産の収益性を示します。,
ROE（自己資本利益率）とは何ですか？,当期純利益÷自己資本×100で、株主資本の収益性を示します。,
損益分岐点とは何ですか？,売上高が総費用と等しく利益がゼロになる点です。,
安全余裕率とは何ですか？,（実際売上－損益分岐点売上）÷実際売上×100で、売上減少耐性を示します。,
限界利益とは何ですか？,売上高－変動費で、固定費を回収できる金額です。,
固定費とは何ですか？,売上高に関係なく発生する費用（家賃・減価償却費など）です。,
変動費とは何ですか？,売上高に比例して変動する費用（材料費・外注費など）です。,
キャッシュフロー計算書の直接法とは何ですか？,営業活動の現金収入・支出を直接計上する方法です。,
キャッシュフロー計算書の間接法とは何ですか？,当期純利益から非現金項目を調整する方法です。,
フリーキャッシュフローの計算式は？,営業CF－設備投資額（有形固定資産取得額など）です。,
運転資本とは何ですか？,売掛金＋棚卸資産－買掛金で、事業運営に必要な運転資金を示します。,
CCC（キャッシュ・コンバージョン・サイクル）とは何ですか？,売上債権回転日数＋棚卸資産回転日数－仕入債務回転日数です。,
売上債権回転日数とは何ですか？,売掛金÷（売上高÷365）で、回収に要する日数です。,
棚卸資産回転日数とは何ですか？,棚卸資産÷（売上原価÷365）で、在庫滞留日数です。,
買掛金回転日数とは何ですか？,買掛金÷（仕入高÷365）で、支払いに要する日数です。,
内部留保とは何ですか？,利益剰余金の累積額で、会社が内部に蓄積した資金です。,
資本政策とは何ですか？,増資・減資・配当・自己株式取得などの資本構成に関する戦略です。,
第三者割当増資とは何ですか？,特定の第三者に新株を割り当てる増資方法です。,
ストックオプションとは何ですか？,従業員や役員に将来一定価格で自社株を取得できる権利を与える制度です。,
有償新株予約権とは何ですか？,金銭を払い込んで新株予約権を取得する方式です。,
電子記録債権（でんさい）のメリットは？,紙の手形より紛失・盗難リスクがなく、分割譲渡・オンライン管理が可能です。,
ファクタリングの2社間と3社間の違いは？,2社間は売掛人・ファクタリング会社の2社、3社間は債務者も加わり通知・承諾が必要です。,
ABL融資の対象資産は？,売掛金・在庫・機械設備など流動資産・固定資産です。,
ベンチャーデットの特徴は？,株式希薄化を避けたい成長企業向けの債務融資で、金利が高めです。,
社内ベンチャー制度の目的は？,社員の新規事業提案を社内で支援し、イノベーションを促進することです。,
副業・兼業の許可基準は？,本業に支障がないこと、情報漏洩がないこと、競業避止に抵触しないことです。,
テレワーク手当とは何ですか？,在宅勤務に伴う通信費・電気代などを補填する手当です。,
ハイブリッドワークの課題は？,出社・リモートの両対応によるコミュニケーションの難しさや評価の公平性です。,
コワーキングスペース利用のメリットは？,固定オフィスよりコストが低く、外部との交流機会が増えることです。,
健康経営優良法人とは何ですか？,健康増進施策に積極的な企業を経済産業省が認定する制度です。,
ストレスチェック制度とは何ですか？,労働安全衛生法で義務付けられた、従業員の心理的負担を年1回調査する制度です。,
パワーハラスメント防止措置義務とは何ですか？,2020年改正労働施策推進法で事業主に防止措置が義務化されました。,
セクシャルハラスメント相談窓口の設置は？,男女雇用機会均等法で事業主に努力義務があります。,
内部通報制度の保護対象者は？,公益通報者保護法で、通報内容が公益通報に該当する場合に保護されます。,
コンプライアンス研修の頻度は？,年1回以上が一般的で、新入社員・管理職別に実施することが多いです。,
BCP（事業継続計画）の策定ポイントは？,優先業務の特定、代替手段の確保、訓練・見直しのサイクルです。,
BCMのPDCAとは何ですか？,Plan（計画）→Do（実施）→Check（評価）→Act（改善）の継続的運用です。,
リスクアセスメントの実施手順は？,危険性・有害性の洗い出し→リスクの見積もり→低減措置→評価・記録です。,
安全衛生委員会の設置義務は？,常時50人以上の労働者がいる事業場で義務化されています。,
労働安全衛生法の目的は？,職場における労働者の安全と健康を確保し、快適な職場環境の形成を促進することです。,
過重労働防止のための取り組みは？,36協定の上限遵守、月80時間超の残業禁止、医師面接指導の義務化です。,
年次有給休暇の計画的付与とは何ですか？,5日分を会社が計画的に取得させる制度（労使協定必要）です。,
育児休業給付金の支給要件は？,休業開始前2年間に賃金支払基礎日数11日以上が12ヶ月以上あることなどです。,
介護休暇とは何ですか？,要介護状態の家族1人につき年5日（複数なら10日）取得できる休暇です。,
短時間勤務制度の対象は？,3歳未満の子を養育する労働者（小学校就学前まで延長可能）です。,
労災保険の業務上災害とは何ですか？,業務中の負傷・疾病・死亡で、業務起因性が認められる場合です。,
通勤災害とは何ですか？,通勤経路での負傷・疾病で、合理的な経路・方法である場合です。,
健康保険の傷病手当金とは何ですか？,業務外の病気・ケガで働けない場合に支給される給付金です。,
出産手当金とは何ですか？,産前産後休業中に支給される給付金（休業開始前1年間の標準報酬日額の3分の2）です。,
育児休業中の社会保険料免除とは何ですか？,事業主・本人ともに保険料免除（条件あり）です。,
雇用保険の失業等給付の基本手当日額は？,離職前6ヶ月の賃金日額の50～80%（年齢・賃金により変動）です。,
高年齢雇用継続給付とは何ですか？,60歳以降も働き、賃金が下がった場合に支給される給付です。,
労災特別加入とは何ですか？,中小事業主や一人親方などが任意で労災保険に加入できる制度です。,
労働者災害補償保険の給付種類は？,療養補償・休業補償・障害補償・遺族補償・葬祭料などです。,
社会保険の加入基準は？,週所定労働時間20時間以上かつ月額賃金8.8万円以上で、学生以外なら加入対象です。,
任意適用事業所のメリットは？,社会保険加入で従業員の福利厚生向上と採用力強化が図れます。,
社会保険料の計算基礎は？,標準報酬月額（4～6月の報酬平均で決定）です。,
賞与の社会保険料は？,賞与額から1,000円未満切り捨てた額に保険料率を乗じます。
労働保険の年度更新とは何ですか？,毎年6月1日～7月10日までに前年度の確定保険料と当年概算保険料を申告納付します。,
労働保険事務組合とは何ですか？,中小事業主が労働保険事務を委託できる組合です。,
中小企業退職金共済とは何ですか？,中小企業が掛金を拠出して従業員の退職金を積み立てる制度です。,
確定拠出年金（401k）とは何ですか？,掛金を運用し、将来の年金給付額が運用実績で決まる企業年金です。,
企業型DCとiDeCoの違いは？,企業型は事業主が掛金を負担・運用指図、iDeCoは個人が掛金を負担します。,
退職金制度の種類は？,退職一時金・企業年金・中小企業退職金共済などです。,
退職金規程の改悪は？,既得権の不利益変更は原則として労働者の同意が必要です。,
就業規則の絶対的記載事項は？,始業・終業時刻、休憩・休日、休暇、賃金・退職などです。,
就業規則の相対的記載事項は？,賞与・最低賃金・退職金・安全衛生などです。,
懲戒処分の種類は？,戒告・減給・出勤停止・降格・諭旨解雇・懲戒解雇などです。,
普通解雇とは何ですか？,労働者に責めのない場合の解雇（整理解雇・能力不足など）です。,
懲戒解雇とは何ですか？,労働者に重大な非行があった場合の最も重い処分です。,
整理解雇の4要件とは？,人員削減の必要性・解雇回避努力・人選の合理性・手続の相当性です。,
解雇予告手当とは何ですか？,解雇日の30日前までに予告しない場合に支払う平均賃金の30日分です。,
有期雇用契約の更新上限は？,無期転換申込権が発生するのは同一使用者で5年超契約更新された場合です。,
無期転換ルールとは何ですか？,5年超経過後に労働者が申し出れば無期雇用に転換する制度です。,
同一労働同一賃金ガイドラインとは何ですか？,正社員と非正規の不合理な待遇差を禁止する指針です。,
パートタイム・有期雇用労働法とは何ですか？,2020年施行で同一労働同一賃金を推進する法律です。,
均等待遇の原則とは何ですか？,性別・信条・社会的身分による差別禁止です。,
均等法の対象差別は？,性別・性的指向・性自認・妊娠・出産・育児・介護などです。,
パワハラ防止法の定義は？,優越的関係を背景に、業務上必要・相当な範囲を超えた言動で精神的・身体的苦痛を与える行為です。,
マタニティハラスメントとは何ですか？,妊娠・出産・育児休業取得に関する嫌がらせです。,
ケアハラスメントとは何ですか？,家族の介護を理由とした嫌がらせです。,
内部通報窓口の外部委託のメリットは？,中立性が高く、通報者の保護が強化されます。,
公益通報者保護法の改正点（2022年）は？,通報者保護の強化と内部通報体制の整備義務化です。,
コンプライアンス委員会とは何ですか？,法令遵守状況の監視・指導を行う社内組織です。,
危機管理マニュアルとは何ですか？,災害・事故・不祥事発生時の初動対応を定めた手順書です。,
感染症対策BCPとは何ですか？,新型インフルエンザや新型コロナなどの感染拡大時に対応する計画です。,
テレワーク時の情報漏洩対策は？,VPN利用・端末管理・機密文書の持ち出し禁止・画面覗き込み防止などです。,
シャドーITとは何ですか？,社内承認なしに利用される私的クラウドサービスやツールです。,
IT資産管理とは何ですか？,PC・ソフトウェア・ライセンスなどのIT資産を把握・管理することです。,
MDM（モバイルデバイス管理）とは何ですか？,スマートフォン・タブレットの遠隔管理・セキュリティ確保ツールです。,
ゼロトラストとは何ですか？,社内外問わず一切信用せず、都度認証・検証するセキュリティモデルです。,
パスワードレス認証とは何ですか？,生体認証やFIDO規格でパスワードを使わない認証方式です。,
SaaS管理とは何ですか？,社内で利用中のSaaSを可視化・統制する取り組みです。,
デジタル庁の推進するマイナンバーカード活用は？,行政手続きのオンライン化・バックオフィスのペーパーレス化です。,
電子契約の法的効力は？,電子署名法で真正な電子署名があれば紙と同等の効力を持ちます。,
タイムスタンプの役割は？,電子文書の作成・改ざん防止時点を証明することです。,
e-文書法とは何ですか？,2005年施行でスキャナ保存・電子帳簿保存を可能にした法律です。,
電子帳簿保存法の真実性の確保方法は？,タイムスタンプ付与・訂正削除履歴の確保・相互牽制などです。,
インボイス制度の経過措置期間は？,2023年10月～2029年9月まで段階的に仕入税額控除が可能です。,
免税事業者のインボイス登録のメリットは？,取引先からの要請対応と仕入税額控除の維持です。,
登録申請のタイミングは？,インボイスが必要な取引が発生する前に登録するのが理想です。,
軽減税率とは何ですか？,飲食料品・新聞に適用される8%の消費税率です。,
インボイスの記載要件は？,発行者の登録番号・適用税率・税率ごとの対価額・税額などです。,
適格請求書と区分記載請求書の違いは？,適格請求書は登録事業者のみが発行でき、仕入税額控除の要件を満たします。,
簡易課税制度の選択期限は？,適用開始課税期間の前日までです。,
2割特例とは何ですか？,免税事業者から課税事業者になった場合の2年間限定の負担軽減措置です。,
消費税の納税義務の判定基準期間は？,前々事業年度の課税売上高です。,
資本金1,000万円以上の新設法人は？,設立1期目から課税事業者となります（特定期間による）。
中間申告の対象は？,前事業年度の法人税額が一定額以上の場合です。,
予定納税の計算方法は？,前年所得税額の1/3または1/2を前払いします。,
償却資産税の申告期限は？,毎年1月31日です。,
固定資産税の評価替えは？,3年ごとに行われます。,
都市計画税とは何ですか？,市街化区域内の土地・家屋にかかる税金です。,
事業税の課税対象は？,法人は付加価値割・資本割、個人事業主は所得割です。,
地方法人税とは何ですか？,法人税額に課される追加税で、法人住民税の一部です。,
法人住民税の均等割とは何ですか？,資本金・従業員数に応じた定額の税金です。,
欠損金の繰越控除期間は？,青色申告法人は10年、白色は3年です。,
税額控除とは何ですか？,算出税額から直接控除される優遇措置です。,
中小企業投資促進税制とは何ですか？,一定の機械装置取得で即時償却または税額控除が受けられます。,
中小企業経営強化税制とは何ですか？,生産性向上設備の取得で即時償却または税額控除です。,
所得拡大促進税制とは何ですか？,給与等支給増加額の一定割合を税額控除する制度です。,
賃上げ促進税制とは何ですか？,2022年以降の改正でさらに強化された給与増加に対する税額控除です。,
試験研究費税制とは何ですか？,試験研究費増加分に対する税額控除です。,
繰延税金資産の回収可能性とは何ですか？,将来の課税所得見込みに基づいて資産計上できるかを判断します。,
税効果会計の適用範囲は？,連結財務諸表作成会社や一定規模以上の会社です。,
減損会計とは何ですか？,固定資産の回収可能価額が帳簿価額を下回る場合に減額計上します。,
減損損失の認識基準は？,資産グループ単位で回収可能価額と比較します。,
のれんの償却は？,日本基準では20年以内の定額償却、IFRSでは償却せず減損テストのみです。,
企業結合会計とは何ですか？,M&A時の会計処理（取得法・持分法など）です。,
持分法適用会社とは何ですか？,20～50%の議決権保有で影響力のある関連会社です。,
連結子会社とは何ですか？,50%超の議決権保有または実質支配関係にある会社です。,
持分法損益とは何ですか？,関連会社の当期純利益のうち持分に見合う額です。,
企業集団とは何ですか？,親会社と子会社・関連会社からなるグループです。,
連結財務諸表の作成義務は？,上場会社や一定規模以上の会社です。,
四半期報告書とは何ですか？,上場会社が四半期ごとに提出する財務報告書です。,
内部統制報告書とは何ですか？,財務報告に係る内部統制の有効性を経営者が評価・報告する書類です。,
J-SOXとは何ですか？,日本版SOX法で、上場会社に内部統制報告義務を課す制度です。,
監査法人とは何ですか？,公認会計士が組織する監査専門の法人です。,
会計監査とは何ですか？,財務諸表の適正性を独立した第三者が検証することです。,
適正意見とは何ですか？,監査人が財務諸表が適正であると判断した意見です。,
限定付適正意見とは何ですか？,一部事項を除いて適正であるという意見です。,
不適正意見とは何ですか？,財務諸表が全体として不適正であるという意見です。,
意見不表明とは何ですか？,十分な監査証拠が得られなかった場合に出される意見です。,
監査基準とは何ですか？,日本公認会計士協会が定める監査の実施基準です。,
内部監査とは何ですか？,社内の独立した部署が業務・会計の適正性をチェックすることです。,
リスクマネジメントとは何ですか？,企業が直面するリスクを特定・評価・対応するプロセスです。,
ERM（企業全体リスク管理）とは何ですか？,全社的にリスクを統合的に管理する枠組みです。,
COSOフレームワークとは何ですか？,内部統制の国際的評価基準です。,
コーポレートガバナンスとは何ですか？,企業統治で、株主・ステークホルダーの利益を守る仕組みです。,
指名委員会等設置会社とは何ですか？,監査等委員会設置会社・指名委員会等設置会社のいずれかを選択するガバナンス形態です。,
社外取締役とは何ですか？,社外から選任され、独立性を有する取締役です。,
社外監査役とは何ですか？,社外から選任され、監査機能を担う監査役です。,
株主総会とは何ですか？,会社の最高意思決定機関で、決算承認・役員選任などを行います。,
取締役会とは何ですか？,業務執行の決定と監督を行う機関です。,
執行役員とは何ですか？,取締役会の決定に基づき業務執行を担当する役職です。,
法定公開書類とは何ですか？,有価証券報告書・四半期報告書・内部統制報告書などです。,
EDINETとは何ですか？,金融庁の電子開示システムで、上場会社の開示書類を閲覧できます。,
TDnetとは何ですか？,東証の適時開示情報伝達システムです。,
IR活動とは何ですか？,投資家向けに企業情報を積極的に開示・説明する活動です。,
ESGとは何ですか？,環境・社会・ガバナンスを考慮した持続可能な経営の視点です。,
サステナビリティ報告書とは何ですか？,ESG活動をまとめた報告書で、統合報告書に含まれることが多いです。,
TCFDとは何ですか？,気候関連財務情報開示タスクフォースの提言で、気候変動リスク開示の枠組みです。,
SBTとは何ですか？,Science Based Targetsの略で、科学的根拠に基づく温室効果ガス削減目標です。,
RE100とは何ですか？,事業運営を100%再生可能エネルギーで行う国際イニシアチブです。,
SDGsとは何ですか？,持続可能な開発目標で、2030年までの17の目標です。,
CSVとは何ですか？,Creating Shared Valueの略で、社会的価値と経済的価値の同時創出です。,
CSRとは何ですか？,企業の社会的責任で、社会貢献活動全般を指します。,
ステークホルダーとは何ですか？,企業活動に影響を与え・受ける利害関係者（株主・従業員・顧客・地域社会など）です。,
マテリアリティとは何ですか？,企業にとって重要度の高いサステナビリティ課題です。,
ダブル・マテリアリティとは何ですか？,財務的影響と環境・社会への影響の両面から重要性を評価することです。,
人的資本経営とは何ですか？,人材を資本として捉え、価値向上を図る経営戦略です。,
人的資本情報開示とは何ですか？,従業員の多様性・育成・エンゲージメントなどの情報を開示することです。,
DE&Iとは何ですか？,Diversity・Equity & Inclusionの略で、多様性・公平性・包摂を推進する考え方です。,
心理的安全性とは何ですか？,チームメンバーが安心して意見を言える状態です。,
エンゲージメントとは何ですか？,従業員の会社への愛着・貢献意欲です。,
離職率の計算式は？,（離職者数÷期首従業員数）×100です。,
採用コストとは何ですか？,求人広告費・エージェント手数料・面接関連費などの合計です。,
定着率とは何ですか？,一定期間後に在籍している割合です。,
OJTとは何ですか？,On the Job Trainingの略で、実務を通じた教育です。,
Off-JTとは何ですか？,Off the Job Trainingの略で、職場外での集合研修です。,
eラーニングとは何ですか？,インターネットを利用したオンライン学習です。,
キャリアパスとは何ですか？,従業員の将来の職務経歴・昇進ルートを示すものです。,
ジョブ型雇用とは何ですか？,職務内容を明確に定め、その職務に対して人材を配置する雇用形態です。,
メンバーシップ型雇用とは何ですか？,日本型雇用で、職務より人を中心に配置・育成する形態です。,
同一労働同一賃金の対象は？,正社員と有期・パート・派遣労働者の間の不合理な待遇差です。,
同一労働同一賃金の基本給の考え方は？,職務内容・成果・責任の違いに応じた合理的な差は認められます。,
労務デューデリジェンスとは何ですか？,M&A時に労務リスクを調査することです。,
労働基準監督署の立ち入り検査とは何ですか？,労働基準法などの遵守状況を確認する行政検査です。,
是正勧告とは何ですか？,違反が認められた場合に出される是正を求める行政指導です。,
行政指導に従わない場合の罰則は？,是正勧告に従わないと罰金や懲役の可能性があります。,
労働基準法の適用除外は？,国家公務員・地方公務員の一部などです。,
管理監督者とは何ですか？,経営方針に関与し、労働時間規制の適用除外となる地位です。,
裁量労働制の対象職種は？,専門業務型と企画業務型があります。,
変形労働時間制の対象期間は？,1ヶ月・1年単位で設定可能です。,
フレックスタイム制の清算期間は？,最大3ヶ月まで可能です（2023年改正）。,
所定労働時間とは何ですか？,就業規則で定めた1日・1週間の労働時間です。,
法定労働時間とは何ですか？,1日8時間・1週40時間です。,
時間外労働の上限規制は？,原則月45時間・年360時間、特別条項で年720時間以内です。,
休日労働の割増率は？,35%以上です。,
深夜労働の割増率は？,25%以上です。,
60時間超時間外労働の割増率は？,50%以上（中小企業は2023年4月から適用）。,
年次有給休暇の比例付与とは何ですか？,週所定労働日数が少ない労働者に対する日数付与です。,
有給休暇の買い取りは？,原則禁止ですが、時効消滅分や退職時の未消化分は可能の場合があります。,
産前産後休業の期間は？,産前6週（多胎14週）・産後8週です。,
育児休業の取得可能期間は？,原則子が1歳まで（条件により2歳まで延長可能）です。,
出生時育児休業（産後パパ育休）とは何ですか？,子の出生後8週間以内に最大4週取得できる休業です。,
育児・介護休業法の改正（2022年）は？,産後パパ育休の創設・個別周知義務化・有期雇用者の取得要件緩和です。,
介護休業の期間は？,要介護状態の家族1人につき93日（3回まで分割可能）です。,
看護休暇とは何ですか？,小学校就学前までの子の看護のために年5日（複数なら10日）取得できる休暇です。,
生理休暇とは何ですか？,生理日の就業が著しく困難な女性が請求できる休暇です。,
子の看護休暇は2022年改正でどう変わりましたか？,小学校就学前までから3歳未満まで有給化されました。,
短時間勤務制度の対象期間は？,3歳未満の子を養育する場合（小学校就学前まで延長可能）です。,
所定外労働の免除請求権とは何ですか？,3歳未満の子を養育する労働者が時間外労働を免除される権利です。,
時間外労働の制限請求権とは何ですか？,小学校就学前までの子を養育する労働者が1ヶ月24時間・年150時間を超える時間外労働を制限できる権利です。,
育児時間とは何ですか？,1歳未満の子を養育する女性が1日2回・各30分の育児時間を請求できる制度です。,
妊娠中の軽易業務転換とは何ですか？,妊娠中の女性が請求した場合に軽易な業務に転換する義務です。,
母性健康管理指導事項連絡カードとは何ですか？,医師の指導事項を事業主に伝えるカードです。,
不利益取扱いの禁止とは何ですか？,妊娠・出産・育児休業取得を理由とした解雇・降格・減給などの禁止です。,
均等法のポジティブ・アクションとは何ですか？,女性活躍を積極的に推進するための措置です。,
女性活躍推進法とは何ですか？,301人以上の企業に一般事業主行動計画の策定・公表を義務付けます。,
パワハラ防止措置の具体的内容は？,相談窓口設置・方針明確化・再発防止策・周知・研修などです。,
セクハラ防止措置の強化点は？,2020年改正で防止措置が義務化されました。,
カスタマーハラスメント対策とは何ですか？,顧客からの不当な要求に対する防止・対応策です。,
内部通報制度の体制整備義務は？,2022年改正公益通報者保護法で一定規模以上の企業に義務化されました。,
通報者保護の要件は？,公益通報に該当し、通報者が誠実であることです。,
外部通報先とは何ですか？,行政機関・報道機関・マスコミなどです。,
内部通報規程の記載事項は？,通報対象事実・通報ルート・調査手順・保護措置・不利益取扱い禁止などです。,
コンプライアンス・マニュアルとは何ですか？,法令・社内規則遵守のための行動基準を示した冊子です。,
贈収賄防止とは何ですか？,不正な利益供与・受領を禁止する取り組みです。,
独占禁止法の談合とは何ですか？,事業者間の価格・数量・入札などの合意です。,
下請法の買いたたきとは何ですか？,著しく低い価格での発注を禁止する行為です。,
下請法の適用対象は？,資本金1,000万円超の事業者が下請事業者に発注する場合などです。
下請代金支払遅延等防止法の支払期限は？,役務受領後60日以内です。,
インサイダー取引とは何ですか？,未公表の重要事実を知って株式売買を行う行為です。,
金融商品取引法の開示義務違反とは何ですか？,虚偽記載や未開示による違反です。,
個人情報保護法の適用事業者は？,5,000人超の個人情報を扱う事業者などです。
個人情報取扱事業者の義務は？,利用目的の明示・安全管理措置・第三者提供制限などです。,
マイナンバー取扱いの注意点は？,目的外利用禁止・厳格な安全管理・漏洩時の報告義務です。,
サイバーセキュリティ基本法とは何ですか？,サイバー攻撃から重要インフラを守る法律です。,
情報セキュリティポリシーとは何ですか？,情報資産の保護に関する社内方針です。,
ISMSとは何ですか？,情報セキュリティマネジメントシステムの国際規格（ISO27001）です。,
BCP策定の優先順位付けは？,事業影響度分析（BIA）で重要業務を特定します。,
RTOとは何ですか？,Recovery Time Objectiveの略で、復旧目標時間です。,
RPOとは何ですか？,Recovery Point Objectiveの略で、許容データ損失時間です。,
非常用持出袋とは何ですか？,災害時に持ち出す重要書類・データが入った袋です。,
安否確認システムとは何ですか？,災害時に従業員の安否を確認するツールです。,
帰宅困難者対策とは何ですか？,大規模災害時に従業員が帰宅できない場合の待機・支援策です。,
事業継続力強化計画とは何ですか？,中小企業が防災・減災対策を計画し認定を受ける制度です。,
中小企業等経営強化法とは何ですか？,生産性向上・事業承継・経営力向上を支援する法律です。,
経営力向上計画とは何ですか？,設備投資などで税制優遇を受けられる計画認定制度です。,
先端設備等導入計画とは何ですか？,生産性向上設備の即時償却・固定資産税軽減が受けられる計画です。,
事業再構築補助金とは何ですか？,コロナ後を見据えた事業再構築を支援する補助金です。,
ものづくり補助金とは何ですか？,革新的な設備投資・試作品開発を支援する補助金です。,
IT導入補助金とは何ですか？,バックオフィス業務のITツール導入を支援する補助金です。,
業務改善助成金とは何ですか？,生産性向上のための設備投資・賃上げを支援する助成金です。,
キャリアアップ助成金とは何ですか？,非正規から正社員化・処遇改善を支援する助成金です。,
両立支援等助成金とは何ですか？,育児・介護休業取得・職場復帰を支援する助成金です。,
人材確保等支援助成金とは何ですか？,雇用管理制度の整備・外国人労働者受入れを支援します。,
働き方改革推進支援助成金とは何ですか？,労働時間短縮・有給取得促進を支援する助成金です。,
テレワークコースとは何ですか？,テレワーク環境整備を支援する助成金コースです。,
RPA導入補助金とは何ですか？,RPAツール導入を支援する補助金（自治体による）です。,
クラウドサービス導入補助金とは何ですか？,SaaS導入を支援する自治体補助金などです。,
電子帳簿保存法対応補助金とは何ですか？,電子化対応ツール導入を支援する補助金です。,
インボイス制度対応補助金とは何ですか？,システム改修・登録支援の補助金です。,
省エネ設備導入補助金とは何ですか？,エネルギー使用合理化のための設備投資支援です。,
DX認定制度とは何ですか？,経済産業省がDX推進企業を認定する制度です。,
DX銘柄とは何ですか？,東京証券取引所が選定するDXに優れた上場企業です。,
デジタル田園都市国家構想とは何ですか？,デジタル技術で地方創生を目指す政府方針です。,
Society 5.0とは何ですか？,サイバー空間と物理空間を融合した超スマート社会です。,
バックオフィスDXの最終目標は？,定型業務の自動化・データ駆動型意思決定・戦略的業務へのシフトです。,
業務情報はどのような場面で利用されますか？,判断や確認が必要な場面で参照されます。,
同じ業務でも手順が異なることはありますか？,状況や条件によって異なる場合があります。,
業務内容が変更されることはありますか？,必要に応じて見直されることがあります。,
業務を分けて管理する理由は何ですか？,整理しやすくするためです。,
一部の業務のみ対応するケースはありますか？,担当範囲に応じて対応する場合があります。,
業務が複数同時に進むことはありますか？,並行して進行することがあります。,
業務の順序は固定されていますか？,内容によって前後する場合があります。,
業務の途中で確認が入ることはありますか？,状況確認のために行われることがあります。,
記録を残さない業務はありますか？,簡易な対応では記録しない場合もあります。,
記録内容が簡略化されることはありますか？,必要最低限にまとめる場合があります。,
同じ情報を複数回確認する理由は何ですか？,正確性を確保するためです。,
業務情報が共有されない場合はありますか？,関係者が限定される場合があります。,
業務内容の理解に差が出ることはありますか？,経験や担当によって差が生じることがあります。,
業務判断が保留されるのはどのような時ですか？,情報が不足している場合です。,
後から業務内容を修正することはありますか？,確認結果により修正されることがあります。,
業務の結果がすぐに反映されない場合はありますか？,処理に時間がかかる場合があります。,
業務対応が分岐するのはなぜですか？,条件や状況が異なるためです。,
業務の一部が省略されることはありますか？,簡略化が認められる場合があります。,
業務情報が重複することはありますか？,複数の記録に残る場合があります。,
業務の管理方法は一つに決まっていますか？,状況に応じて異なる方法が使われます。,
業務全体を把握する必要があるのはどのような時ですか？,調整や判断が必要な場合です。,
業務の一部分のみ把握していればよい場合はありますか？,担当範囲が限定されている場合です。,
業務の対応結果が次の作業に影響することはありますか？,後続作業の前提になることがあります。,
業務内容が明確でない場合はどうなりますか？,確認や整理が必要になります。,
業務対応が遅れる要因には何がありますか？,情報不足や調整の必要性があります。,
業務情報の確認頻度は一定ですか？,状況によって異なります。,
業務の進行が一時的に止まることはありますか？,判断待ちの状態になることがあります。,
業務処理が分割される理由は何ですか？,作業量や内容を整理するためです。,
業務内容が他の業務と重なることはありますか？,関連業務として重なる場合があります。,
業務判断に時間がかかるのはなぜですか？,複数の要素を考慮するためです。,
業務の結果が記録と異なることはありますか？,後から修正される場合があります。,
業務情報が参照されなくなることはありますか？,不要になった場合は参照されません。,
業務対応の方法が複数存在することはありますか？,同じ目的でも方法が異なる場合があります。,
業務内容が抽象的に表現される理由は何ですか？,幅広い状況に対応するためです。,
業務の詳細が別資料にまとめられることはありますか？,補足情報として分ける場合があります。,
業務対応が簡略化されるのはどのような場合ですか？,影響が小さい場合です。,
業務の確認が後回しになることはありますか？,優先度によって後になる場合があります。,
業務の優先順位が途中で変わることはありますか？,状況変化により調整されることがあります。,
業務内容が口頭で共有されることはありますか？,簡易な連絡では口頭の場合もあります。,
業務対応が標準と異なるのはなぜですか？,例外的な条件があるためです。,
業務の結果が他部署に影響することはありますか？,関連業務に影響する場合があります。,
業務内容が段階的に決まることはありますか？,進行に応じて決まる場合があります。,
業務処理が完了しても確認が続くことはありますか？,結果確認のために行われます。,
業務対応が不要と判断されることはありますか？,条件を満たさない場合です。,
業務情報が一時的に保存されることはありますか？,確認目的で保存される場合があります。,
業務の説明が簡略化される理由は何ですか？,理解しやすくするためです。,
業務内容が文書化されない場合はありますか？,小規模な対応では行われないことがあります。,
業務上で情報を整理する場面はどのような時ですか？,業務内容が増えたり変更があった場合に情報整理が行われます。,
業務対応が分かれるのはどのような場合ですか？,条件や状況の違いによって対応が分かれることがあります。,
同じ業務でも対応方法が異なることはありますか？,業務条件や前提が異なれば対応が変わる場合があります。,
業務判断が必要になる場面にはどのような特徴がありますか？,明確な手順だけでは対応できない状況が挙げられます。,
業務の進め方は常に一定ですか？,状況に応じて変更される場合があります。,
業務処理に時間がかかる要因には何がありますか？,確認事項が多い場合や情報が不足している場合があります。,
業務が一時的に止まることはありますか？,判断待ちや情報不足により停止することがあります。,
業務再開のきっかけになるのは何ですか？,必要な情報や確認が揃った時です。,
業務を区分して管理する理由は何ですか？,内容を把握しやすくするためです。,
業務全体を把握することにはどのような意味がありますか？,部分的な対応ミスを減らすことにつながります。,
業務の流れを図で整理することはありますか？,全体像を共有する目的で行われることがあります。,
業務情報が更新されないとどうなりますか？,判断に使う情報が実態と合わなくなる可能性があります。,
業務情報の正確性が求められるのはなぜですか？,誤った対応を避けるためです。,
業務対応を記録する目的は何ですか？,後から経緯を確認できるようにするためです。,
業務の履歴を参照する場面はありますか？,過去の対応を確認する必要がある場合です。,
業務上で共有が必要になる情報には何がありますか？,進捗状況や判断結果などがあります。,
業務連携が必要になるのはどのような時ですか？,一つの部署だけで完結しない場合です。,
業務を引き継ぐ際に確認される内容は何ですか？,進行状況や未対応事項などです。,
業務の優先度が変わることはありますか？,緊急性や影響度により変わる場合があります。,
業務の順序を見直すことはありますか？,全体効率を考慮して行われることがあります。,
業務処理が完了したかどうかはどのように判断しますか？,必要な対応がすべて終わっているかで判断します。,
業務の完了確認が行われないとどうなりますか？,未対応が残る可能性があります。,
業務の途中で条件が変わることはありますか？,外部要因や内部判断により変化することがあります。,
業務上の判断が保留されるのはどのような場合ですか？,追加情報が必要な場合です。,
業務処理が再度行われることはありますか？,内容修正や確認不足があった場合です。,
業務内容を見直すきっかけには何がありますか？,作業効率や結果に課題が見られる場合です。,
業務改善の対象になりやすい点は何ですか？,手順が複雑な部分などです。,
業務の安定性はどのように保たれますか？,情報管理や進行管理によって支えられます。,
業務の進捗を確認する頻度は一定ですか？,業務内容によって異なります。,
業務対応が分散することにはどのような影響がありますか？,管理が難しくなる場合があります。,
業務管理において重要視される点は何ですか？,状況把握と情報共有です。,
業務処理の流れを理解する利点は何ですか？,判断や対応がしやすくなります。,
業務上の前提が共有されていないとどうなりますか？,認識のずれが生じる可能性があります。,
業務情報をまとめて管理する理由は何ですか？,参照や更新をしやすくするためです。,
業務の状態を区分する目的は何ですか？,進捗を分かりやすくするためです。,
業務処理の途中経過を残す意味は何ですか？,対応状況を確認できるようにするためです。,
業務内容の把握が難しくなるのはどのような場合ですか？,情報が分散している場合です。,
業務管理が形骸化することはありますか？,実態と合わなくなると起こり得ます。,
業務の見直しが必要と判断される要因は何ですか？,結果や効率に課題が見られる場合です。,
業務対応が属人化するとはどういう状態ですか？,特定の人しか分からない状態です。,
業務の属人化を避ける理由は何ですか？,継続的な運用を可能にするためです。,
業務支援が行われるのはどのような場面ですか？,担当者の負荷が高い場合です。,
業務補助はどのような役割を果たしますか？,主業務を円滑に進める役割です。,
業務全体を調整する役割は何を行いますか？,進行や分担を整えます。,
年末調整の対象となる給与に含まれるものは何ですか？,給与・賞与・通勤手当（非課税限度額超部分）・現物給与などです。,
年末調整で配偶者控除が受けられる要件は？,配偶者の合計所得が48万円以下（給与収入103万円以下）で、生計を一にしていることです。,
扶養控除の対象となる親族の範囲は？,6親等内の血族・3親等内の姻族で、生計を一にしており、合計所得48万円以下です。,
源泉徴収票の再発行を求められた場合の対応は？,本人確認後、無料で再発行しますが、発行日から5年経過後は保管義務がなくなるため注意が必要です。,
給与明細の必須記載項目は何ですか？,基本給・手当・控除額（社会保険料・所得税・住民税など）・差引支給額です。,
賞与の社会保険料はどのように計算されますか？,賞与額から1,000円未満切り捨て、標準報酬月額の保険料率を乗じます。
社会保険の算定基礎届の提出期限は？,毎年7月10日（7月1日現在の被保険者について）です。,
月額変更届が必要になる条件は？,3ヶ月連続で報酬が2等級以上変動した場合です。,
育児休業中の社会保険料免除はいつまでですか？,原則として休業期間中全額免除（事業主・本人ともに）です。,
産前産後休業中の社会保険料はどうなりますか？,産前42日（多胎98日）・産後56日のうち、産後期間は免除、産前は任意です。,
有期雇用者の社会保険加入要件は？,週20時間以上・月額8.8万円以上・2ヶ月超雇用見込み・学生以外です。,
60歳以降の雇用保険料免除はありますか？,65歳未満は通常通り負担、65歳以上は新規加入免除です。,
労災保険の特別加入ができるのは誰ですか？,中小事業主・一人親方・特定作業従事者などです。,
通勤災害の範囲に含まれるのは？,合理的な通勤経路・方法での移動中です（自宅と職場の往復など）。,
傷病手当金の支給期間は？,支給開始日から最長1年6ヶ月です。,
出産手当金の支給額の計算式は？,支給開始前1年間の標準報酬日額×2/3です。,
雇用調整助成金の申請に必要な書類は？,休業開始届・支給申請書・賃金台帳・出勤簿などです。,
キャリアアップ助成金の正社員化コースの要件は？,有期から無期・正社員転換で基本給3%増以上などです。,
両立支援等助成金の育休取得時奨励金の額は？,中小企業で1人当たり57万円（2025年現在）です。,
テレワークコースの助成対象経費は？,機器購入費・通信費・就業規則改定費などです。,
RPAツール導入で助成金が出るのは？,業務改善助成金やIT導入補助金で一部対象になる場合があります。,
電子契約のタイムスタンプの有効期間は？,通常2年～5年程度（サービスによる）です。,
電子帳簿保存法の検索機能要件とは？,取引年月日・金額・取引先で検索可能であることです。,
スキャナ保存の原本廃棄可能時期は？,タイムスタンプ付与後または速やかに入力後です。,
インボイスの軽減税率8%の対象品目は？,飲食料品（外食・酒類除く）・週2回以上発行の新聞です。,
2割特例の適用期間は？,インボイス制度開始後2年間（2023年10月～2025年9月）です。,
免税事業者がインボイス登録した場合の消費税納税義務は？,登録した課税期間から課税事業者になります。,
資本金1,000万円以上の新設法人の消費税は？,設立1期目から課税事業者です。
中間申告の法人税額が前年比でどうなる場合に免除？,前事業年度の税額が10万円以下なら免除可能です。,
予定納税の第1期はいつですか？,所得税の場合、7月頃（前年所得税額の1/3）です。,
償却資産税の課税標準は？,毎年1月1日現在の償却資産の評価額です。,
固定資産税の軽減措置があるのは？,中小企業投資促進税制対象資産や先端設備等導入計画認定資産です。,
事業税の外形標準課税の対象は？,資本金1億円超の普通法人などです。,
地方法人税の税率は？,法人税額の10.3%です（2025年現在）。,
欠損金の繰越控除限度額は？,青色申告法人は所得の80%まで（大法人除く）。,
中小企業経営強化税制の即時償却の対象は？,生産性向上設備・収益力強化設備などです。,
所得拡大促進税制の控除率は？,給与等支給増加額の最大40%（条件による）です。,
試験研究費税制の控除対象は？,試験研究費の増加額の12～17%などです。,
繰延税金資産の回収可能性判断基準は？,将来の課税所得見込みに基づきます。,
減損損失の測定単位は？,資産グループ（キャッシュ・フロー創出単位）です。,
のれんの耐用年数は日本基準で？,20年以内（定額法）です。,
持分法適用関連会社の持分は？,20%以上50%未満の議決権保有です。,
連結子会社の範囲は？,親会社が実質支配している会社です。,
内部統制報告書の対象会社は？,金融商品取引法適用会社（上場会社など）です。,
J-SOXの評価対象プロセスは？,財務報告に係る全社的・業務プロセス・IT全般統制です。,
監査法人の四半期レビューとは？,四半期決算の適正性をレビューすることです。,
適正意見が出ない場合の種類は？,限定付適正・不適正・意見不表明です。,
社外取締役の独立性基準は？,会社・主要株主・取引先などからの独立が必要です。,
株主総会の普通決議事項は？,剰余金配当・役員選任・計算書類承認などです。,
取締役会の決議要件は？,過半数の出席と出席取締役の過半数です。,
IR活動で開示する情報は？,決算短信・適時開示情報・中期経営計画などです。,
TCFD提言の開示項目は？,ガバナンス・戦略・リスク管理・指標と目標です。,
SBTの対象範囲は？,Scope1・2（必須）・Scope3（推奨）です。,
人的資本開示の主な項目は？,多様性・育成・エンゲージメント・健康経営などです。,
DE&I推進の具体策は？,女性管理職比率目標・障がい者雇用・LGBTQ+施策です。,
エンゲージメント調査の実施頻度は？,年1回以上が一般的です。,
離職率が高い原因として多いのは？,給与不満・ワークライフバランス・人間関係です。,
採用コストを抑える方法は？,リファラル採用・自社メディア活用・indeed活用などです。,
OJTとOff-JTの組み合わせは？,OJTで実務習得、Off-JTで知識補完です。,
ジョブ型雇用のメリットは？,職務明確で成果主義がしやすいことです。,
メンバーシップ型雇用のデメリットは？,配置転換が多くモチベーション低下リスクです。,
無期転換後の不合理な待遇差は？,同一労働同一賃金法で禁止されます。,
労基署の是正勧告に従わないと？,罰金や懲役・企業名公表の可能性があります。,
管理監督者の残業代は？,労働時間規制適用外ですが、健康確保措置が必要です。,
裁量労働制のみなし時間は？,専門業務型は実際労働時間、企画業務型は8時間です。,
フレックスタイム制のコアタイムは任意ですか？,任意ですが設定する場合は就業規則に記載が必要です。,
有給休暇の計画的付与は最大何日？,5日分まで可能です（労使協定必要）。,
産後パパ育休の分割取得は？,最大4回まで可能です。,
介護休暇の取得単位は？,1日単位または時間単位です。,
生理休暇の賃金は？,無給が原則ですが、就業規則で有給化可能。,
不利益取扱い禁止の対象は？,妊娠・出産・育児休業・介護休業取得などです。,
パワハラの6類型は？,身体的攻撃・精神的攻撃・人間関係からの切り離しなどです。,
カスタマーハラスメントの対応策は？,相談窓口設置・従業員教育・拒否対応マニュアル作成です。,
公益通報窓口の外部委託先は？,弁護士事務所や専門コンサル会社です。,
下請法の買いたたき禁止の基準は？,著しく低い価格での発注です。,
インサイダー取引の未公表重要事実とは？,業績予想の大幅修正・M&Aなどです。,
個人情報保護法の漏えい報告義務は？,1,000人超の漏えいまたは不特定多数への恐れがある場合です。
マイナンバー利用目的の制限は？,税・社会保障・災害対策以外禁止です。,
ゼロトラストセキュリティの原則は？,Never Trust, Always Verify（常に検証）です。
ISMS（ISO27001）のPDCAとは？,Plan-Do-Check-Actのサイクルです。,
BCPのBIA（事業影響度分析）とは？,重要業務と停止時の影響を評価することです。,
RTO（復旧目標時間）の設定例は？,重要システムで4時間以内などです。,
帰宅困難者対策の備蓄品は？,飲料水・食料・毛布・簡易トイレなど3日分です。,
事業継続力強化計画の認定メリットは？,防災・減災設備投資の税制優遇です。,
経営力向上計画の認定で受けられる優遇は？,即時償却や固定資産税軽減です。,
事業再構築補助金の通常枠の補助率は？,中小企業で2/3（2025年現在）です。,
ものづくり補助金のデジタル枠とは？,DX関連設備投資に特化した枠です。,
IT導入補助金の対象ツールは？,会計ソフト・労務管理ソフト・RPAなどです。,
作業が保留される理由として考えられる点は何ですか？,必要な作業がすべて終了しているかどうかで判断されます。,
作業内容を整理する目的は何ですか？,業務の区切りや節目となる場面で行われます。,
対応が分岐する要因には何がありますか？,進捗状況や判断結果などが含まれます。,
業務を進める上で留意される事項は何ですか？,手順や前提条件を踏まえ、円滑に進めるための配慮が行われます。,
関連情報を参照する目的は何ですか？,内容に変更が生じた場合などに行われます。,
この処理が完了したと判断される条件は何ですか？,追加情報の不足や判断待ちが理由となることがあります。,
進捗を確認する場面はどのような時ですか？,追加情報の不足や判断待ちが理由となることがあります。,
判断材料として用いられる要素は何ですか？,必要な作業がすべて終了しているかどうかで判断されます。,
情報を更新するタイミングはどのように決まりますか？,業務の区切りや節目となる場面で行われます。,
この対応が必要とされる背景は何ですか？,内容に変更が生じた場合などに行われます。,
判断材料として用いられる要素は何ですか？,判断や確認を行うための参考として利用されます。,
進捗を確認する場面はどのような時ですか？,記録や確認結果などが用いられます。,
この処理が完了したと判断される条件は何ですか？,必要な作業がすべて終了しているかどうかで判断されます。,
情報を更新するタイミングはどのように決まりますか？,記録や確認結果などが用いられます。,
判断材料として用いられる要素は何ですか？,内容に変更が生じた場合などに行われます。,
この対応が必要とされる背景は何ですか？,部分的な対応を整理し、理解を深める点にあります。,
次の状況で一般的に確認される点は何ですか？,記録や確認結果などが用いられます。,
次の状況で一般的に確認される点は何ですか？,後から経緯や内容を確認できるようにするためです。,
この対応が必要とされる背景は何ですか？,必要な作業がすべて終了しているかどうかで判断されます。,
対応が分岐する要因には何がありますか？,進捗状況や判断結果などが含まれます。,
この対応が必要とされる背景は何ですか？,必要性や要件が発生した場合に実施されます。,
作業内容を整理する目的は何ですか？,内容に変更が生じた場合などに行われます。,
記録を残すことの一般的な意義は何ですか？,内容を把握しやすくし、対応を整理するためです。,
関連情報を参照する目的は何ですか？,業務の区切りや節目となる場面で行われます。,
判断材料として用いられる要素は何ですか？,必要な作業がすべて終了しているかどうかで判断されます。,
判断材料として用いられる要素は何ですか？,条件や前提の違いによって分かれることがあります。,
全体像を把握することの利点は何ですか？,必要な作業がすべて終了しているかどうかで判断されます。,
作業が保留される理由として考えられる点は何ですか？,内容に変更が生じた場合などに行われます。,
作業内容を整理する目的は何ですか？,内容に変更が生じた場合などに行われます。,
この作業が必要になるのはどのような場合ですか？,手順や前提条件を踏まえ、円滑に進めるための配慮が行われます。,
作業が保留される理由として考えられる点は何ですか？,必要な作業がすべて終了しているかどうかで判断されます。,
業務を進める上で留意される事項は何ですか？,業務の区切りや節目となる場面で行われます。,
対応が分岐する要因には何がありますか？,進捗状況や判断結果などが含まれます。,
進捗を確認する場面はどのような時ですか？,部分的な対応を整理し、理解を深める点にあります。,
この対応が必要とされる背景は何ですか？,業務の区切りや節目となる場面で行われます。,
作業内容を整理する目的は何ですか？,追加情報の不足や判断待ちが理由となることがあります。,
全体像を把握することの利点は何ですか？,業務の区切りや節目となる場面で行われます。,
次の状況で一般的に確認される点は何ですか？,進捗状況や判断結果などが含まれます。,
全体像を把握することの利点は何ですか？,業務の区切りや節目となる場面で行われます。,
進捗を確認する場面はどのような時ですか？,状況や条件に応じて、内容や影響範囲が確認されます。,
対応が分岐する要因には何がありますか？,進捗状況や判断結果などが含まれます。,
進捗を確認する場面はどのような時ですか？,内容を把握しやすくし、対応を整理するためです。,
作業が保留される理由として考えられる点は何ですか？,手順や前提条件を踏まえ、円滑に進めるための配慮が行われます。,
進捗を確認する場面はどのような時ですか？,状況や条件に応じて、内容や影響範囲が確認されます。,
この作業が必要になるのはどのような場合ですか？,必要性や要件が発生した場合に実施されます。,
作業が保留される理由として考えられる点は何ですか？,状況や条件に応じて、内容や影響範囲が確認されます。,
この対応が必要とされる背景は何ですか？,条件や前提の違いによって分かれることがあります。,
この対応が必要とされる背景は何ですか？,条件や前提の違いによって分かれることがあります。,
この対応が必要とされる背景は何ですか？,記録や確認結果などが用いられます。,
全体像を把握することの利点は何ですか？,条件や前提の違いによって分かれることがあります。,
関連情報を参照する目的は何ですか？,必要な作業がすべて終了しているかどうかで判断されます。,
進捗を確認する場面はどのような時ですか？,業務上の必要性や状況変化が背景にあります。,
作業内容を整理する目的は何ですか？,記録や確認結果などが用いられます。,
この処理が完了したと判断される条件は何ですか？,業務上の必要性や状況変化が背景にあります。,
全体像を把握することの利点は何ですか？,記録や確認結果などが用いられます。,
作業が保留される理由として考えられる点は何ですか？,必要性や要件が発生した場合に実施されます。,
関係者間で共有される情報には何がありますか？,判断や確認を行うための参考として利用されます。,
進捗を確認する場面はどのような時ですか？,状況や条件に応じて、内容や影響範囲が確認されます。,
進捗を確認する場面はどのような時ですか？,業務の区切りや節目となる場面で行われます。,
この対応が必要とされる背景は何ですか？,業務上の必要性や状況変化が背景にあります。,
情報を更新するタイミングはどのように決まりますか？,業務の区切りや節目となる場面で行われます。,
進捗を確認する場面はどのような時ですか？,状況や条件に応じて、内容や影響範囲が確認されます。,
全体像を把握することの利点は何ですか？,部分的な対応を整理し、理解を深める点にあります。,
次の状況で一般的に確認される点は何ですか？,業務上の必要性や状況変化が背景にあります。,
記録を残すことの一般的な意義は何ですか？,業務の区切りや節目となる場面で行われます。,
次の状況で一般的に確認される点は何ですか？,記録や確認結果などが用いられます。,
記録を残すことの一般的な意義は何ですか？,追加情報の不足や判断待ちが理由となることがあります。,
作業内容を整理する目的は何ですか？,業務上の必要性や状況変化が背景にあります。,
情報を更新するタイミングはどのように決まりますか？,判断や確認を行うための参考として利用されます。,
この処理が完了したと判断される条件は何ですか？,必要性や要件が発生した場合に実施されます。,
次の状況で一般的に確認される点は何ですか？,条件や前提の違いによって分かれることがあります。,
関係者間で共有される情報には何がありますか？,業務の区切りや節目となる場面で行われます。,
関係者間で共有される情報には何がありますか？,業務の区切りや節目となる場面で行われます。,
この対応が必要とされる背景は何ですか？,進捗状況や判断結果などが含まれます。,
この処理が完了したと判断される条件は何ですか？,後から経緯や内容を確認できるようにするためです。,
全体像を把握することの利点は何ですか？,業務上の必要性や状況変化が背景にあります。,
判断材料として用いられる要素は何ですか？,記録や確認結果などが用いられます。,
業務を進める上で留意される事項は何ですか？,内容に変更が生じた場合などに行われます。,
記録を残すことの一般的な意義は何ですか？,進捗状況や判断結果などが含まれます。,
この作業が必要になるのはどのような場合ですか？,必要な作業がすべて終了しているかどうかで判断されます。,
関係者間で共有される情報には何がありますか？,内容を把握しやすくし、対応を整理するためです。,
この処理が完了したと判断される条件は何ですか？,必要性や要件が発生した場合に実施されます。,
この処理が完了したと判断される条件は何ですか？,記録や確認結果などが用いられます。,
関係者間で共有される情報には何がありますか？,判断や確認を行うための参考として利用されます。,
この作業が必要になるのはどのような場合ですか？,状況や条件に応じて、内容や影響範囲が確認されます。,
業務を進める上で留意される事項は何ですか？,必要性や要件が発生した場合に実施されます。,
この処理が完了したと判断される条件は何ですか？,内容に変更が生じた場合などに行われます。,
進捗を確認する場面はどのような時ですか？,状況や条件に応じて、内容や影響範囲が確認されます。,
記録を残すことの一般的な意義は何ですか？,後から経緯や内容を確認できるようにするためです。,
判断材料として用いられる要素は何ですか？,部分的な対応を整理し、理解を深める点にあります。,
業務を進める上で留意される事項は何ですか？,手順や前提条件を踏まえ、円滑に進めるための配慮が行われます。,
全体像を把握することの利点は何ですか？,判断や確認を行うための参考として利用されます。,
関連情報を参照する目的は何ですか？,条件や前提の違いによって分かれることがあります。,
関連情報を参照する目的は何ですか？,内容を把握しやすくし、対応を整理するためです。,
関連情報を参照する目的は何ですか？,手順や前提条件を踏まえ、円滑に進めるための配慮が行われます。,
この作業が必要になるのはどのような場合ですか？,必要性や要件が発生した場合に実施されます。,
次の状況で一般的に確認される点は何ですか？,後から経緯や内容を確認できるようにするためです。,
作業が保留される理由として考えられる点は何ですか？,進捗状況や判断結果などが含まれます。,
この作業が必要になるのはどのような場合ですか？,判断や確認を行うための参考として利用されます。,
この対応が必要とされる背景は何ですか？,内容を把握しやすくし、対応を整理するためです。,
情報を更新するタイミングはどのように決まりますか？,部分的な対応を整理し、理解を深める点にあります。,
判断材料として用いられる要素は何ですか？,追加情報の不足や判断待ちが理由となることがあります。,
進捗を確認する場面はどのような時ですか？,内容を把握しやすくし、対応を整理するためです。,
記録を残すことの一般的な意義は何ですか？,部分的な対応を整理し、理解を深める点にあります。,
情報を更新するタイミングはどのように決まりますか？,必要な作業がすべて終了しているかどうかで判断されます。,
作業内容を整理する目的は何ですか？,必要な作業がすべて終了しているかどうかで判断されます。,
情報を更新するタイミングはどのように決まりますか？,判断や確認を行うための参考として利用されます。,
進捗を確認する場面はどのような時ですか？,手順や前提条件を踏まえ、円滑に進めるための配慮が行われます。,
情報を更新するタイミングはどのように決まりますか？,内容に変更が生じた場合などに行われます。,
この処理が完了したと判断される条件は何ですか？,内容に変更が生じた場合などに行われます。,
情報を更新するタイミングはどのように決まりますか？,内容に変更が生じた場合などに行われます。,
判断材料として用いられる要素は何ですか？,必要性や要件が発生した場合に実施されます。,
判断材料として用いられる要素は何ですか？,必要な作業がすべて終了しているかどうかで判断されます。,
情報を更新するタイミングはどのように決まりますか？,後から経緯や内容を確認できるようにするためです。,
対応が分岐する要因には何がありますか？,後から経緯や内容を確認できるようにするためです。,
この作業が必要になるのはどのような場合ですか？,業務の区切りや節目となる場面で行われます。,
進捗を確認する場面はどのような時ですか？,追加情報の不足や判断待ちが理由となることがあります。,
対応が分岐する要因には何がありますか？,必要な作業がすべて終了しているかどうかで判断されます。,
関係者間で共有される情報には何がありますか？,内容を把握しやすくし、対応を整理するためです。,
作業内容を整理する目的は何ですか？,業務の区切りや節目となる場面で行われます。,
関係者間で共有される情報には何がありますか？,内容を把握しやすくし、対応を整理するためです。,
作業が保留される理由として考えられる点は何ですか？,必要性や要件が発生した場合に実施されます。,
業務を進める上で留意される事項は何ですか？,判断や確認を行うための参考として利用されます。,
関連情報を参照する目的は何ですか？,進捗状況や判断結果などが含まれます。,
関係者間で共有される情報には何がありますか？,状況や条件に応じて、内容や影響範囲が確認されます。,
進捗を確認する場面はどのような時ですか？,状況や条件に応じて、内容や影響範囲が確認されます。,
この作業が必要になるのはどのような場合ですか？,部分的な対応を整理し、理解を深める点にあります。,
次の状況で一般的に確認される点は何ですか？,条件や前提の違いによって分かれることがあります。,
進捗を確認する場面はどのような時ですか？,業務の区切りや節目となる場面で行われます。,
対応が分岐する要因には何がありますか？,部分的な対応を整理し、理解を深める点にあります。,
作業内容を整理する目的は何ですか？,内容に変更が生じた場合などに行われます。,
関係者間で共有される情報には何がありますか？,追加情報の不足や判断待ちが理由となることがあります。,
関連情報を参照する目的は何ですか？,必要性や要件が発生した場合に実施されます。,
作業内容を整理する目的は何ですか？,必要な作業がすべて終了しているかどうかで判断されます。,
次の状況で一般的に確認される点は何ですか？,部分的な対応を整理し、理解を深める点にあります。,
対応が分岐する要因には何がありますか？,内容に変更が生じた場合などに行われます。,
次の状況で一般的に確認される点は何ですか？,進捗状況や判断結果などが含まれます。,
判断材料として用いられる要素は何ですか？,条件や前提の違いによって分かれることがあります。,
この処理が完了したと判断される条件は何ですか？,記録や確認結果などが用いられます。,
関連情報を参照する目的は何ですか？,状況や条件に応じて、内容や影響範囲が確認されます。,
判断材料として用いられる要素は何ですか？,判断や確認を行うための参考として利用されます。,
判断材料として用いられる要素は何ですか？,進捗状況や判断結果などが含まれます。,
全体像を把握することの利点は何ですか？,判断や確認を行うための参考として利用されます。,
情報を更新するタイミングはどのように決まりますか？,手順や前提条件を踏まえ、円滑に進めるための配慮が行われます。,
情報を更新するタイミングはどのように決まりますか？,条件や前提の違いによって分かれることがあります。,
この処理が完了したと判断される条件は何ですか？,条件や前提の違いによって分かれることがあります。,
関連情報を参照する目的は何ですか？,条件や前提の違いによって分かれることがあります。,
業務を進める上で留意される事項は何ですか？,判断や確認を行うための参考として利用されます。,
進捗を確認する場面はどのような時ですか？,業務上の必要性や状況変化が背景にあります。,
この処理が完了したと判断される条件は何ですか？,記録や確認結果などが用いられます。,
全体像を把握することの利点は何ですか？,判断や確認を行うための参考として利用されます。,
記録を残すことの一般的な意義は何ですか？,判断や確認を行うための参考として利用されます。,
次の状況で一般的に確認される点は何ですか？,追加情報の不足や判断待ちが理由となることがあります。,
記録を残すことの一般的な意義は何ですか？,追加情報の不足や判断待ちが理由となることがあります。,
業務を進める上で留意される事項は何ですか？,部分的な対応を整理し、理解を深める点にあります。,
この処理が完了したと判断される条件は何ですか？,条件や前提の違いによって分かれることがあります。,
次の状況で一般的に確認される点は何ですか？,内容を把握しやすくし、対応を整理するためです。,
この作業が必要になるのはどのような場合ですか？,必要な作業がすべて終了しているかどうかで判断されます。,
作業が保留される理由として考えられる点は何ですか？,業務上の必要性や状況変化が背景にあります。,
進捗を確認する場面はどのような時ですか？,内容に変更が生じた場合などに行われます。,
関連情報を参照する目的は何ですか？,業務上の必要性や状況変化が背景にあります。,
対応が分岐する要因には何がありますか？,必要性や要件が発生した場合に実施されます。,
関係者間で共有される情報には何がありますか？,業務の区切りや節目となる場面で行われます。,
作業が保留される理由として考えられる点は何ですか？,内容に変更が生じた場合などに行われます。,
作業が保留される理由として考えられる点は何ですか？,追加情報の不足や判断待ちが理由となることがあります。,
関係者間で共有される情報には何がありますか？,内容を把握しやすくし、対応を整理するためです。,
関連情報を参照する目的は何ですか？,判断や確認を行うための参考として利用されます。,
作業内容を整理する目的は何ですか？,判断や確認を行うための参考として利用されます。,
業務を進める上で留意される事項は何ですか？,必要性や要件が発生した場合に実施されます。,
記録を残すことの一般的な意義は何ですか？,内容に変更が生じた場合などに行われます。,
全体像を把握することの利点は何ですか？,条件や前提の違いによって分かれることがあります。,
判断材料として用いられる要素は何ですか？,状況や条件に応じて、内容や影響範囲が確認されます。,
関係者間で共有される情報には何がありますか？,内容に変更が生じた場合などに行われます。,
判断材料として用いられる要素は何ですか？,部分的な対応を整理し、理解を深める点にあります。,
情報を更新するタイミングはどのように決まりますか？,追加情報の不足や判断待ちが理由となることがあります。,
進捗を確認する場面はどのような時ですか？,判断や確認を行うための参考として利用されます。,
次の状況で一般的に確認される点は何ですか？,必要性や要件が発生した場合に実施されます。,
作業が保留される理由として考えられる点は何ですか？,内容に変更が生じた場合などに行われます。,
この作業が必要になるのはどのような場合ですか？,内容を把握しやすくし、対応を整理するためです。,
この作業が必要になるのはどのような場合ですか？,必要性や要件が発生した場合に実施されます。,
作業内容を整理する目的は何ですか？,状況や条件に応じて、内容や影響範囲が確認されます。,
判断材料として用いられる要素は何ですか？,記録や確認結果などが用いられます。,
関連情報を参照する目的は何ですか？,内容に変更が生じた場合などに行われます。,
この処理が完了したと判断される条件は何ですか？,進捗状況や判断結果などが含まれます。,
対応が分岐する要因には何がありますか？,状況や条件に応じて、内容や影響範囲が確認されます。,
次の状況で一般的に確認される点は何ですか？,追加情報の不足や判断待ちが理由となることがあります。,
対応が分岐する要因には何がありますか？,条件や前提の違いによって分かれることがあります。,
記録を残すことの一般的な意義は何ですか？,業務上の必要性や状況変化が背景にあります。,
作業が保留される理由として考えられる点は何ですか？,状況や条件に応じて、内容や影響範囲が確認されます。,
業務を進める上で留意される事項は何ですか？,内容に変更が生じた場合などに行われます。,
作業が保留される理由として考えられる点は何ですか？,進捗状況や判断結果などが含まれます。,
業務を進める上で留意される事項は何ですか？,後から経緯や内容を確認できるようにするためです。,
作業が保留される理由として考えられる点は何ですか？,部分的な対応を整理し、理解を深める点にあります。,
対応が分岐する要因には何がありますか？,状況や条件に応じて、内容や影響範囲が確認されます。,
記録を残すことの一般的な意義は何ですか？,手順や前提条件を踏まえ、円滑に進めるための配慮が行われます。,
この作業が必要になるのはどのような場合ですか？,追加情報の不足や判断待ちが理由となることがあります。,
作業内容を整理する目的は何ですか？,追加情報の不足や判断待ちが理由となることがあります。,
記録を残すことの一般的な意義は何ですか？,手順や前提条件を踏まえ、円滑に進めるための配慮が行われます。,
関係者間で共有される情報には何がありますか？,手順や前提条件を踏まえ、円滑に進めるための配慮が行われます。,
作業内容を整理する目的は何ですか？,内容に変更が生じた場合などに行われます。,
全体像を把握することの利点は何ですか？,進捗状況や判断結果などが含まれます。,
判断材料として用いられる要素は何ですか？,追加情報の不足や判断待ちが理由となることがあります。,
情報を更新するタイミングはどのように決まりますか？,必要性や要件が発生した場合に実施されます。,
関係者間で共有される情報には何がありますか？,条件や前提の違いによって分かれることがあります。,
判断材料として用いられる要素は何ですか？,部分的な対応を整理し、理解を深める点にあります。,
業務を進める上で留意される事項は何ですか？,条件や前提の違いによって分かれることがあります。,
関係者間で共有される情報には何がありますか？,記録や確認結果などが用いられます。,
作業内容を整理する目的は何ですか？,進捗状況や判断結果などが含まれます。,
関連情報を参照する目的は何ですか？,追加情報の不足や判断待ちが理由となることがあります。,
次の状況で一般的に確認される点は何ですか？,業務の区切りや節目となる場面で行われます。,
記録を残すことの一般的な意義は何ですか？,必要性や要件が発生した場合に実施されます。,
関連情報を参照する目的は何ですか？,部分的な対応を整理し、理解を深める点にあります。,
この作業が必要になるのはどのような場合ですか？,部分的な対応を整理し、理解を深める点にあります。,
関連情報を参照する目的は何ですか？,進捗状況や判断結果などが含まれます。,
情報を更新するタイミングはどのように決まりますか？,記録や確認結果などが用いられます。,
進捗を確認する場面はどのような時ですか？,記録や確認結果などが用いられます。,
進捗を確認する場面はどのような時ですか？,内容を把握しやすくし、対応を整理するためです。,
進捗を確認する場面はどのような時ですか？,後から経緯や内容を確認できるようにするためです。,
関係者間で共有される情報には何がありますか？,後から経緯や内容を確認できるようにするためです。,
作業内容を整理する目的は何ですか？,後から経緯や内容を確認できるようにするためです。,
判断材料として用いられる要素は何ですか？,後から経緯や内容を確認できるようにするためです。,
業務を進める上で留意される事項は何ですか？,業務の区切りや節目となる場面で行われます。,
判断材料として用いられる要素は何ですか？,記録や確認結果などが用いられます。,
作業内容を整理する目的は何ですか？,条件や前提の違いによって分かれることがあります。,
関連情報を参照する目的は何ですか？,進捗状況や判断結果などが含まれます。,
作業が保留される理由として考えられる点は何ですか？,内容に変更が生じた場合などに行われます。,
判断材料として用いられる要素は何ですか？,内容に変更が生じた場合などに行われます。,
業務を進める上で留意される事項は何ですか？,後から経緯や内容を確認できるようにするためです。,
対応が分岐する要因には何がありますか？,業務の区切りや節目となる場面で行われます。,
全体像を把握することの利点は何ですか？,業務上の必要性や状況変化が背景にあります。,
全体像を把握することの利点は何ですか？,部分的な対応を整理し、理解を深める点にあります。,
次の状況で一般的に確認される点は何ですか？,記録や確認結果などが用いられます。,
対応が分岐する要因には何がありますか？,必要な作業がすべて終了しているかどうかで判断されます。,
対応が分岐する要因には何がありますか？,記録や確認結果などが用いられます。,
進捗を確認する場面はどのような時ですか？,内容に変更が生じた場合などに行われます。,
全体像を把握することの利点は何ですか？,状況や条件に応じて、内容や影響範囲が確認されます。,
作業が保留される理由として考えられる点は何ですか？,部分的な対応を整理し、理解を深める点にあります。,
全体像を把握することの利点は何ですか？,進捗状況や判断結果などが含まれます。,
全体像を把握することの利点は何ですか？,部分的な対応を整理し、理解を深める点にあります。,
関連情報を参照する目的は何ですか？,条件や前提の違いによって分かれることがあります。,
次の状況で一般的に確認される点は何ですか？,条件や前提の違いによって分かれることがあります。,
情報を更新するタイミングはどのように決まりますか？,進捗状況や判断結果などが含まれます。,
対応が分岐する要因には何がありますか？,必要な作業がすべて終了しているかどうかで判断されます。,
次の状況で一般的に確認される点は何ですか？,必要性や要件が発生した場合に実施されます。,
この対応が必要とされる背景は何ですか？,条件や前提の違いによって分かれることがあります。,
次の状況で一般的に確認される点は何ですか？,条件や前提の違いによって分かれることがあります。,
この作業が必要になるのはどのような場合ですか？,進捗状況や判断結果などが含まれます。,
情報を更新するタイミングはどのように決まりますか？,業務の区切りや節目となる場面で行われます。,
作業内容を整理する目的は何ですか？,条件や前提の違いによって分かれることがあります。,
この作業が必要になるのはどのような場合ですか？,状況や条件に応じて、内容や影響範囲が確認されます。,
この作業が必要になるのはどのような場合ですか？,進捗状況や判断結果などが含まれます。,
記録を残すことの一般的な意義は何ですか？,部分的な対応を整理し、理解を深める点にあります。,
記録を残すことの一般的な意義は何ですか？,記録や確認結果などが用いられます。,
対応が分岐する要因には何がありますか？,進捗状況や判断結果などが含まれます。,
進捗を確認する場面はどのような時ですか？,内容に変更が生じた場合などに行われます。,
判断材料として用いられる要素は何ですか？,必要性や要件が発生した場合に実施されます。,
この対応が必要とされる背景は何ですか？,状況や条件に応じて、内容や影響範囲が確認されます。,
情報を更新するタイミングはどのように決まりますか？,内容に変更が生じた場合などに行われます。,
作業内容を整理する目的は何ですか？,状況や条件に応じて、内容や影響範囲が確認されます。,
次の状況で一般的に確認される点は何ですか？,条件や前提の違いによって分かれることがあります。,
関連情報を参照する目的は何ですか？,必要な作業がすべて終了しているかどうかで判断されます。,
対応が分岐する要因には何がありますか？,条件や前提の違いによって分かれることがあります。,
関係者間で共有される情報には何がありますか？,必要な作業がすべて終了しているかどうかで判断されます。,
次の状況で一般的に確認される点は何ですか？,業務の区切りや節目となる場面で行われます。,
関連情報を参照する目的は何ですか？,必要性や要件が発生した場合に実施されます。,
この対応が必要とされる背景は何ですか？,部分的な対応を整理し、理解を深める点にあります。,
関係者間で共有される情報には何がありますか？,必要な作業がすべて終了しているかどうかで判断されます。,
この処理が完了したと判断される条件は何ですか？,状況や条件に応じて、内容や影響範囲が確認されます。,
進捗を確認する場面はどのような時ですか？,状況や条件に応じて、内容や影響範囲が確認されます。,
作業内容を整理する目的は何ですか？,業務上の必要性や状況変化が背景にあります。,
作業内容を整理する目的は何ですか？,記録や確認結果などが用いられます。,
この作業が必要になるのはどのような場合ですか？,部分的な対応を整理し、理解を深める点にあります。,
進捗を確認する場面はどのような時ですか？,必要な作業がすべて終了しているかどうかで判断されます。,
次の状況で一般的に確認される点は何ですか？,条件や前提の違いによって分かれることがあります。,
進捗を確認する場面はどのような時ですか？,条件や前提の違いによって分かれることがあります。,
関係者間で共有される情報には何がありますか？,業務上の必要性や状況変化が背景にあります。,
この処理が完了したと判断される条件は何ですか？,内容に変更が生じた場合などに行われます。,
次の状況で一般的に確認される点は何ですか？,判断や確認を行うための参考として利用されます。,
この対応が必要とされる背景は何ですか？,部分的な対応を整理し、理解を深める点にあります。,
記録を残すことの一般的な意義は何ですか？,追加情報の不足や判断待ちが理由となることがあります。,
情報を更新するタイミングはどのように決まりますか？,条件や前提の違いによって分かれることがあります。,
全体像を把握することの利点は何ですか？,後から経緯や内容を確認できるようにするためです。,
記録を残すことの一般的な意義は何ですか？,部分的な対応を整理し、理解を深める点にあります。,
次の状況で一般的に確認される点は何ですか？,状況や条件に応じて、内容や影響範囲が確認されます。,
この対応が必要とされる背景は何ですか？,状況や条件に応じて、内容や影響範囲が確認されます。,
関係者間で共有される情報には何がありますか？,業務上の必要性や状況変化が背景にあります。,
作業内容を整理する目的は何ですか？,必要性や要件が発生した場合に実施されます。,
次の状況で一般的に確認される点は何ですか？,必要な作業がすべて終了しているかどうかで判断されます。,
情報を更新するタイミングはどのように決まりますか？,進捗状況や判断結果などが含まれます。,
判断材料として用いられる要素は何ですか？,追加情報の不足や判断待ちが理由となることがあります。,
この対応が必要とされる背景は何ですか？,必要性や要件が発生した場合に実施されます。,
判断材料として用いられる要素は何ですか？,業務の区切りや節目となる場面で行われます。,
次の状況で一般的に確認される点は何ですか？,進捗状況や判断結果などが含まれます。,
作業が保留される理由として考えられる点は何ですか？,後から経緯や内容を確認できるようにするためです。,
判断材料として用いられる要素は何ですか？,判断や確認を行うための参考として利用されます。,
業務を進める上で留意される事項は何ですか？,後から経緯や内容を確認できるようにするためです。,
業務を進める上で留意される事項は何ですか？,追加情報の不足や判断待ちが理由となることがあります。,
この対応が必要とされる背景は何ですか？,条件や前提の違いによって分かれることがあります。,
作業内容を整理する目的は何ですか？,業務上の必要性や状況変化が背景にあります。,
情報を更新するタイミングはどのように決まりますか？,必要性や要件が発生した場合に実施されます。,
作業が保留される理由として考えられる点は何ですか？,必要な作業がすべて終了しているかどうかで判断されます。,
記録を残すことの一般的な意義は何ですか？,記録や確認結果などが用いられます。,
進捗を確認する場面はどのような時ですか？,状況や条件に応じて、内容や影響範囲が確認されます。,
進捗を確認する場面はどのような時ですか？,記録や確認結果などが用いられます。,
進捗を確認する場面はどのような時ですか？,部分的な対応を整理し、理解を深める点にあります。,
作業が保留される理由として考えられる点は何ですか？,業務の区切りや節目となる場面で行われます。,
作業内容を整理する目的は何ですか？,内容を把握しやすくし、対応を整理するためです。,
判断材料として用いられる要素は何ですか？,業務上の必要性や状況変化が背景にあります。,
作業が保留される理由として考えられる点は何ですか？,後から経緯や内容を確認できるようにするためです。,
この作業が必要になるのはどのような場合ですか？,判断や確認を行うための参考として利用されます。,
この対応が必要とされる背景は何ですか？,後から経緯や内容を確認できるようにするためです。,
この対応が必要とされる背景は何ですか？,条件や前提の違いによって分かれることがあります。,
対応が分岐する要因には何がありますか？,判断や確認を行うための参考として利用されます。,
全体像を把握することの利点は何ですか？,条件や前提の違いによって分かれることがあります。,
情報を更新するタイミングはどのように決まりますか？,必要性や要件が発生した場合に実施されます。,
記録を残すことの一般的な意義は何ですか？,条件や前提の違いによって分かれることがあります。,
業務を進める上で留意される事項は何ですか？,部分的な対応を整理し、理解を深める点にあります。,
関係者間で共有される情報には何がありますか？,手順や前提条件を踏まえ、円滑に進めるための配慮が行われます。,
情報を更新するタイミングはどのように決まりますか？,業務の区切りや節目となる場面で行われます。,
関連情報を参照する目的は何ですか？,内容に変更が生じた場合などに行われます。,
次の状況で一般的に確認される点は何ですか？,後から経緯や内容を確認できるようにするためです。,
全体像を把握することの利点は何ですか？,進捗状況や判断結果などが含まれます。,
記録を残すことの一般的な意義は何ですか？,業務の区切りや節目となる場面で行われます。,
次の状況で一般的に確認される点は何ですか？,内容を把握しやすくし、対応を整理するためです。,
業務を進める上で留意される事項は何ですか？,状況や条件に応じて、内容や影響範囲が確認されます。,
作業内容を整理する目的は何ですか？,手順や前提条件を踏まえ、円滑に進めるための配慮が行われます。,
この対応が必要とされる背景は何ですか？,部分的な対応を整理し、理解を深める点にあります。,
この処理が完了したと判断される条件は何ですか？,条件や前提の違いによって分かれることがあります。,
関連情報を参照する目的は何ですか？,後から経緯や内容を確認できるようにするためです。,
この対応が必要とされる背景は何ですか？,判断や確認を行うための参考として利用されます。,
次の状況で一般的に確認される点は何ですか？,業務上の必要性や状況変化が背景にあります。,
全体像を把握することの利点は何ですか？,手順や前提条件を踏まえ、円滑に進めるための配慮が行われます。,
記録を残すことの一般的な意義は何ですか？,条件や前提の違いによって分かれることがあります。,
作業内容を整理する目的は何ですか？,内容に変更が生じた場合などに行われます。,
作業内容を整理する目的は何ですか？,手順や前提条件を踏まえ、円滑に進めるための配慮が行われます。,
作業内容を整理する目的は何ですか？,業務上の必要性や状況変化が背景にあります。,
この対応が必要とされる背景は何ですか？,進捗状況や判断結果などが含まれます。,
この処理が完了したと判断される条件は何ですか？,進捗状況や判断結果などが含まれます。,
この作業が必要になるのはどのような場合ですか？,進捗状況や判断結果などが含まれます。,
業務を進める上で留意される事項は何ですか？,必要性や要件が発生した場合に実施されます。,
判断材料として用いられる要素は何ですか？,記録や確認結果などが用いられます。,
記録を残すことの一般的な意義は何ですか？,条件や前提の違いによって分かれることがあります。,
この対応が必要とされる背景は何ですか？,必要性や要件が発生した場合に実施されます。,
関連情報を参照する目的は何ですか？,業務の区切りや節目となる場面で行われます。,
この作業が必要になるのはどのような場合ですか？,記録や確認結果などが用いられます。,
この作業が必要になるのはどのような場合ですか？,業務上の必要性や状況変化が背景にあります。,
判断材料として用いられる要素は何ですか？,内容を把握しやすくし、対応を整理するためです。,
関連情報を参照する目的は何ですか？,手順や前提条件を踏まえ、円滑に進めるための配慮が行われます。,
作業が保留される理由として考えられる点は何ですか？,手順や前提条件を踏まえ、円滑に進めるための配慮が行われます。,
業務を進める上で留意される事項は何ですか？,追加情報の不足や判断待ちが理由となることがあります。,
進捗を確認する場面はどのような時ですか？,状況や条件に応じて、内容や影響範囲が確認されます。,
進捗を確認する場面はどのような時ですか？,必要な作業がすべて終了しているかどうかで判断されます。,
対応が分岐する要因には何がありますか？,後から経緯や内容を確認できるようにするためです。,
進捗を確認する場面はどのような時ですか？,判断や確認を行うための参考として利用されます。,
全体像を把握することの利点は何ですか？,内容を把握しやすくし、対応を整理するためです。,
全体像を把握することの利点は何ですか？,内容を把握しやすくし、対応を整理するためです。,
この対応が必要とされる背景は何ですか？,状況や条件に応じて、内容や影響範囲が確認されます。,
情報を更新するタイミングはどのように決まりますか？,業務上の必要性や状況変化が背景にあります。,
情報を更新するタイミングはどのように決まりますか？,業務上の必要性や状況変化が背景にあります。,
全体像を把握することの利点は何ですか？,後から経緯や内容を確認できるようにするためです。,
作業が保留される理由として考えられる点は何ですか？,必要な作業がすべて終了しているかどうかで判断されます。,
この作業が必要になるのはどのような場合ですか？,部分的な対応を整理し、理解を深める点にあります。,
情報を更新するタイミングはどのように決まりますか？,記録や確認結果などが用いられます。,
業務を進める上で留意される事項は何ですか？,後から経緯や内容を確認できるようにするためです。,
判断材料として用いられる要素は何ですか？,追加情報の不足や判断待ちが理由となることがあります。,
関係者間で共有される情報には何がありますか？,条件や前提の違いによって分かれることがあります。,
記録を残すことの一般的な意義は何ですか？,追加情報の不足や判断待ちが理由となることがあります。,
情報を更新するタイミングはどのように決まりますか？,状況や条件に応じて、内容や影響範囲が確認されます。,
業務を進める上で留意される事項は何ですか？,条件や前提の違いによって分かれることがあります。,
情報を更新するタイミングはどのように決まりますか？,条件や前提の違いによって分かれることがあります。,
関連情報を参照する目的は何ですか？,必要性や要件が発生した場合に実施されます。,
作業内容を整理する目的は何ですか？,追加情報の不足や判断待ちが理由となることがあります。,
作業内容を整理する目的は何ですか？,後から経緯や内容を確認できるようにするためです。,
作業が保留される理由として考えられる点は何ですか？,状況や条件に応じて、内容や影響範囲が確認されます。,
作業が保留される理由として考えられる点は何ですか？,条件や前提の違いによって分かれることがあります。,
この作業が必要になるのはどのような場合ですか？,必要性や要件が発生した場合に実施されます。,
この処理が完了したと判断される条件は何ですか？,手順や前提条件を踏まえ、円滑に進めるための配慮が行われます。,
作業内容を整理する目的は何ですか？,手順や前提条件を踏まえ、円滑に進めるための配慮が行われます。,
次の状況で一般的に確認される点は何ですか？,進捗状況や判断結果などが含まれます。,
情報を更新するタイミングはどのように決まりますか？,条件や前提の違いによって分かれることがあります。,
進捗を確認する場面はどのような時ですか？,状況や条件に応じて、内容や影響範囲が確認されます。,
進捗を確認する場面はどのような時ですか？,業務上の必要性や状況変化が背景にあります。,
関係者間で共有される情報には何がありますか？,内容に変更が生じた場合などに行われます。,
情報を更新するタイミングはどのように決まりますか？,内容を把握しやすくし、対応を整理するためです。,
全体像を把握することの利点は何ですか？,進捗状況や判断結果などが含まれます。,
記録を残すことの一般的な意義は何ですか？,必要性や要件が発生した場合に実施されます。,
対応が分岐する要因には何がありますか？,内容を把握しやすくし、対応を整理するためです。,
記録を残すことの一般的な意義は何ですか？,後から経緯や内容を確認できるようにするためです。,
この処理が完了したと判断される条件は何ですか？,追加情報の不足や判断待ちが理由となることがあります。,
全体像を把握することの利点は何ですか？,手順や前提条件を踏まえ、円滑に進めるための配慮が行われます。,
判断材料として用いられる要素は何ですか？,必要な作業がすべて終了しているかどうかで判断されます。,
判断材料として用いられる要素は何ですか？,条件や前提の違いによって分かれることがあります。,
この作業が必要になるのはどのような場合ですか？,進捗状況や判断結果などが含まれます。,
記録を残すことの一般的な意義は何ですか？,状況や条件に応じて、内容や影響範囲が確認されます。,
情報を更新するタイミングはどのように決まりますか？,進捗状況や判断結果などが含まれます。,
記録を残すことの一般的な意義は何ですか？,記録や確認結果などが用いられます。,
全体像を把握することの利点は何ですか？,追加情報の不足や判断待ちが理由となることがあります。,
次の状況で一般的に確認される点は何ですか？,内容を把握しやすくし、対応を整理するためです。,
判断材料として用いられる要素は何ですか？,業務上の必要性や状況変化が背景にあります。,
判断材料として用いられる要素は何ですか？,内容を把握しやすくし、対応を整理するためです。,
作業内容を整理する目的は何ですか？,判断や確認を行うための参考として利用されます。,
この対応が必要とされる背景は何ですか？,後から経緯や内容を確認できるようにするためです。,
進捗を確認する場面はどのような時ですか？,業務上の必要性や状況変化が背景にあります。,
全体像を把握することの利点は何ですか？,業務上の必要性や状況変化が背景にあります。,
作業内容を整理する目的は何ですか？,業務上の必要性や状況変化が背景にあります。,
この対応が必要とされる背景は何ですか？,部分的な対応を整理し、理解を深める点にあります。,
記録を残すことの一般的な意義は何ですか？,内容に変更が生じた場合などに行われます。,
情報を更新するタイミングはどのように決まりますか？,手順や前提条件を踏まえ、円滑に進めるための配慮が行われます。,
作業内容を整理する目的は何ですか？,状況や条件に応じて、内容や影響範囲が確認されます。,
対応が分岐する要因には何がありますか？,判断や確認を行うための参考として利用されます。,
次の状況で一般的に確認される点は何ですか？,内容に変更が生じた場合などに行われます。,
全体像を把握することの利点は何ですか？,記録や確認結果などが用いられます。,
進捗を確認する場面はどのような時ですか？,業務の区切りや節目となる場面で行われます。,
情報を更新するタイミングはどのように決まりますか？,必要性や要件が発生した場合に実施されます。,
対応が分岐する要因には何がありますか？,追加情報の不足や判断待ちが理由となることがあります。,
次の状況で一般的に確認される点は何ですか？,業務の区切りや節目となる場面で行われます。,
関連情報を参照する目的は何ですか？,記録や確認結果などが用いられます。,
判断材料として用いられる要素は何ですか？,条件や前提の違いによって分かれることがあります。,
関係者間で共有される情報には何がありますか？,業務の区切りや節目となる場面で行われます。,
関係者間で共有される情報には何がありますか？,判断や確認を行うための参考として利用されます。,
判断材料として用いられる要素は何ですか？,進捗状況や判断結果などが含まれます。,
この処理が完了したと判断される条件は何ですか？,進捗状況や判断結果などが含まれます。,
全体像を把握することの利点は何ですか？,業務の区切りや節目となる場面で行われます。,
進捗を確認する場面はどのような時ですか？,進捗状況や判断結果などが含まれます。,
次の状況で一般的に確認される点は何ですか？,判断や確認を行うための参考として利用されます。,
作業が保留される理由として考えられる点は何ですか？,業務の区切りや節目となる場面で行われます。,
進捗を確認する場面はどのような時ですか？,内容を把握しやすくし、対応を整理するためです。,
全体像を把握することの利点は何ですか？,状況や条件に応じて、内容や影響範囲が確認されます。,
判断材料として用いられる要素は何ですか？,後から経緯や内容を確認できるようにするためです。,
この作業が必要になるのはどのような場合ですか？,進捗状況や判断結果などが含まれます。,
作業内容を整理する目的は何ですか？,内容を把握しやすくし、対応を整理するためです。,
次の状況で一般的に確認される点は何ですか？,追加情報の不足や判断待ちが理由となることがあります。,
対応が分岐する要因には何がありますか？,条件や前提の違いによって分かれることがあります。,
この対応が必要とされる背景は何ですか？,業務の区切りや節目となる場面で行われます。,
全体像を把握することの利点は何ですか？,部分的な対応を整理し、理解を深める点にあります。,
関係者間で共有される情報には何がありますか？,業務上の必要性や状況変化が背景にあります。,
業務を進める上で留意される事項は何ですか？,状況や条件に応じて、内容や影響範囲が確認されます。,
情報を更新するタイミングはどのように決まりますか？,内容に変更が生じた場合などに行われます。,
作業が保留される理由として考えられる点は何ですか？,業務上の必要性や状況変化が背景にあります。,
情報を更新するタイミングはどのように決まりますか？,条件や前提の違いによって分かれることがあります。,
関連情報を参照する目的は何ですか？,判断や確認を行うための参考として利用されます。,
全体像を把握することの利点は何ですか？,内容を把握しやすくし、対応を整理するためです。,
対応が分岐する要因には何がありますか？,内容に変更が生じた場合などに行われます。,
この作業が必要になるのはどのような場合ですか？,必要性や要件が発生した場合に実施されます。,
この対応が必要とされる背景は何ですか？,業務上の必要性や状況変化が背景にあります。,
この作業が必要になるのはどのような場合ですか？,内容に変更が生じた場合などに行われます。,
業務を進める上で留意される事項は何ですか？,状況や条件に応じて、内容や影響範囲が確認されます。,
判断材料として用いられる要素は何ですか？,必要な作業がすべて終了しているかどうかで判断されます。,
この処理が完了したと判断される条件は何ですか？,条件や前提の違いによって分かれることがあります。,
記録を残すことの一般的な意義は何ですか？,条件や前提の違いによって分かれることがあります。,
全体像を把握することの利点は何ですか？,判断や確認を行うための参考として利用されます。,
この対応が必要とされる背景は何ですか？,追加情報の不足や判断待ちが理由となることがあります。,
業務を進める上で留意される事項は何ですか？,内容を把握しやすくし、対応を整理するためです。,
全体像を把握することの利点は何ですか？,追加情報の不足や判断待ちが理由となることがあります。,
関連情報を参照する目的は何ですか？,判断や確認を行うための参考として利用されます。,
記録を残すことの一般的な意義は何ですか？,後から経緯や内容を確認できるようにするためです。,
この対応が必要とされる背景は何ですか？,条件や前提の違いによって分かれることがあります。,
業務を進める上で留意される事項は何ですか？,判断や確認を行うための参考として利用されます。,
この対応が必要とされる背景は何ですか？,記録や確認結果などが用いられます。,
判断材料として用いられる要素は何ですか？,必要な作業がすべて終了しているかどうかで判断されます。,
進捗を確認する場面はどのような時ですか？,判断や確認を行うための参考として利用されます。,
業務を進める上で留意される事項は何ですか？,内容に変更が生じた場合などに行われます。,
情報を更新するタイミングはどのように決まりますか？,記録や確認結果などが用いられます。,
この対応が必要とされる背景は何ですか？,内容に変更が生じた場合などに行われます。,
全体像を把握することの利点は何ですか？,後から経緯や内容を確認できるようにするためです。,
次の状況で一般的に確認される点は何ですか？,業務上の必要性や状況変化が背景にあります。,
作業内容を整理する目的は何ですか？,内容に変更が生じた場合などに行われます。,
この対応が必要とされる背景は何ですか？,状況や条件に応じて、内容や影響範囲が確認されます。,
この作業が必要になるのはどのような場合ですか？,状況や条件に応じて、内容や影響範囲が確認されます。,
この対応が必要とされる背景は何ですか？,必要な作業がすべて終了しているかどうかで判断されます。,
全体像を把握することの利点は何ですか？,内容に変更が生じた場合などに行われます。,
対応が分岐する要因には何がありますか？,内容に変更が生じた場合などに行われます。,
記録を残すことの一般的な意義は何ですか？,業務の区切りや節目となる場面で行われます。,
この対応が必要とされる背景は何ですか？,後から経緯や内容を確認できるようにするためです。,
この処理が完了したと判断される条件は何ですか？,状況や条件に応じて、内容や影響範囲が確認されます。,
この作業が必要になるのはどのような場合ですか？,状況や条件に応じて、内容や影響範囲が確認されます。,
記録を残すことの一般的な意義は何ですか？,後から経緯や内容を確認できるようにするためです。,
記録を残すことの一般的な意義は何ですか？,状況や条件に応じて、内容や影響範囲が確認されます。,
対応が分岐する要因には何がありますか？,追加情報の不足や判断待ちが理由となることがあります。,
関連情報を参照する目的は何ですか？,条件や前提の違いによって分かれることがあります。,
全体像を把握することの利点は何ですか？,記録や確認結果などが用いられます。,
この対応が必要とされる背景は何ですか？,記録や確認結果などが用いられます。,
判断材料として用いられる要素は何ですか？,判断や確認を行うための参考として利用されます。,
関係者間で共有される情報には何がありますか？,業務の区切りや節目となる場面で行われます。,
この作業が必要になるのはどのような場合ですか？,追加情報の不足や判断待ちが理由となることがあります。,
次の状況で一般的に確認される点は何ですか？,記録や確認結果などが用いられます。,
この作業が必要になるのはどのような場合ですか？,後から経緯や内容を確認できるようにするためです。,
関連情報を参照する目的は何ですか？,必要性や要件が発生した場合に実施されます。,
この対応が必要とされる背景は何ですか？,必要な作業がすべて終了しているかどうかで判断されます。,
進捗を確認する場面はどのような時ですか？,内容に変更が生じた場合などに行われます。,
この処理が完了したと判断される条件は何ですか？,記録や確認結果などが用いられます。,
この対応が必要とされる背景は何ですか？,内容を把握しやすくし、対応を整理するためです。,
作業が保留される理由として考えられる点は何ですか？,内容を把握しやすくし、対応を整理するためです。,
作業内容を整理する目的は何ですか？,判断や確認を行うための参考として利用されます。,
この処理が完了したと判断される条件は何ですか？,内容を把握しやすくし、対応を整理するためです。,
この作業が必要になるのはどのような場合ですか？,進捗状況や判断結果などが含まれます。,
この作業が必要になるのはどのような場合ですか？,記録や確認結果などが用いられます。,
作業内容を整理する目的は何ですか？,内容を把握しやすくし、対応を整理するためです。,
この処理が完了したと判断される条件は何ですか？,必要性や要件が発生した場合に実施されます。,
対応が分岐する要因には何がありますか？,部分的な対応を整理し、理解を深める点にあります。,
関連情報を参照する目的は何ですか？,内容に変更が生じた場合などに行われます。,
対応が分岐する要因には何がありますか？,進捗状況や判断結果などが含まれます。,
判断材料として用いられる要素は何ですか？,業務の区切りや節目となる場面で行われます。,
作業内容を整理する目的は何ですか？,状況や条件に応じて、内容や影響範囲が確認されます。,
進捗を確認する場面はどのような時ですか？,必要な作業がすべて終了しているかどうかで判断されます。,
関連情報を参照する目的は何ですか？,業務上の必要性や状況変化が背景にあります。,
全体像を把握することの利点は何ですか？,内容を把握しやすくし、対応を整理するためです。,
進捗を確認する場面はどのような時ですか？,業務の区切りや節目となる場面で行われます。,
この対応が必要とされる背景は何ですか？,判断や確認を行うための参考として利用されます。,
この処理が完了したと判断される条件は何ですか？,判断や確認を行うための参考として利用されます。,
関係者間で共有される情報には何がありますか？,状況や条件に応じて、内容や影響範囲が確認されます。,
対応が分岐する要因には何がありますか？,必要性や要件が発生した場合に実施されます。,
作業が保留される理由として考えられる点は何ですか？,必要な作業がすべて終了しているかどうかで判断されます。,
記録を残すことの一般的な意義は何ですか？,業務の区切りや節目となる場面で行われます。,
関係者間で共有される情報には何がありますか？,状況や条件に応じて、内容や影響範囲が確認されます。,
関係者間で共有される情報には何がありますか？,部分的な対応を整理し、理解を深める点にあります。,
この処理が完了したと判断される条件は何ですか？,必要な作業がすべて終了しているかどうかで判断されます。,
全体像を把握することの利点は何ですか？,部分的な対応を整理し、理解を深める点にあります。,
この対応が必要とされる背景は何ですか？,判断や確認を行うための参考として利用されます。,
関係者間で共有される情報には何がありますか？,条件や前提の違いによって分かれることがあります。,
次の状況で一般的に確認される点は何ですか？,業務上の必要性や状況変化が背景にあります。,
次の状況で一般的に確認される点は何ですか？,業務上の必要性や状況変化が背景にあります。,
進捗を確認する場面はどのような時ですか？,必要性や要件が発生した場合に実施されます。,
情報を更新するタイミングはどのように決まりますか？,内容を把握しやすくし、対応を整理するためです。,
関係者間で共有される情報には何がありますか？,状況や条件に応じて、内容や影響範囲が確認されます。,
情報を更新するタイミングはどのように決まりますか？,状況や条件に応じて、内容や影響範囲が確認されます。,
作業内容を整理する目的は何ですか？,業務上の必要性や状況変化が背景にあります。,
この処理が完了したと判断される条件は何ですか？,必要性や要件が発生した場合に実施されます。,
全体像を把握することの利点は何ですか？,内容に変更が生じた場合などに行われます。,
次の状況で一般的に確認される点は何ですか？,手順や前提条件を踏まえ、円滑に進めるための配慮が行われます。,
関連情報を参照する目的は何ですか？,進捗状況や判断結果などが含まれます。,
情報を更新するタイミングはどのように決まりますか？,必要な作業がすべて終了しているかどうかで判断されます。,
この作業が必要になるのはどのような場合ですか？,内容を把握しやすくし、対応を整理するためです。,
判断材料として用いられる要素は何ですか？,進捗状況や判断結果などが含まれます。,
作業内容を整理する目的は何ですか？,手順や前提条件を踏まえ、円滑に進めるための配慮が行われます。,
情報を更新するタイミングはどのように決まりますか？,状況や条件に応じて、内容や影響範囲が確認されます。,
全体像を把握することの利点は何ですか？,追加情報の不足や判断待ちが理由となることがあります。,
業務を進める上で留意される事項は何ですか？,部分的な対応を整理し、理解を深める点にあります。,
全体像を把握することの利点は何ですか？,業務の区切りや節目となる場面で行われます。,
次の状況で一般的に確認される点は何ですか？,追加情報の不足や判断待ちが理由となることがあります。,
この処理が完了したと判断される条件は何ですか？,必要性や要件が発生した場合に実施されます。,
次の状況で一般的に確認される点は何ですか？,必要な作業がすべて終了しているかどうかで判断されます。,
進捗を確認する場面はどのような時ですか？,内容を把握しやすくし、対応を整理するためです。,
この対応が必要とされる背景は何ですか？,必要性や要件が発生した場合に実施されます。,
業務を進める上で留意される事項は何ですか？,必要な作業がすべて終了しているかどうかで判断されます。,
この処理が完了したと判断される条件は何ですか？,内容に変更が生じた場合などに行われます。,
全体像を把握することの利点は何ですか？,必要性や要件が発生した場合に実施されます。,
関連情報を参照する目的は何ですか？,記録や確認結果などが用いられます。,
業務を進める上で留意される事項は何ですか？,後から経緯や内容を確認できるようにするためです。,
判断材料として用いられる要素は何ですか？,必要な作業がすべて終了しているかどうかで判断されます。,
作業内容を整理する目的は何ですか？,進捗状況や判断結果などが含まれます。,
関係者間で共有される情報には何がありますか？,内容を把握しやすくし、対応を整理するためです。,
この作業が必要になるのはどのような場合ですか？,進捗状況や判断結果などが含まれます。,
進捗を確認する場面はどのような時ですか？,業務の区切りや節目となる場面で行われます。,
この作業が必要になるのはどのような場合ですか？,後から経緯や内容を確認できるようにするためです。,
作業内容を整理する目的は何ですか？,条件や前提の違いによって分かれることがあります。,
関連情報を参照する目的は何ですか？,後から経緯や内容を確認できるようにするためです。,
業務を進める上で留意される事項は何ですか？,後から経緯や内容を確認できるようにするためです。,
判断材料として用いられる要素は何ですか？,内容を把握しやすくし、対応を整理するためです。,
この作業が必要になるのはどのような場合ですか？,必要性や要件が発生した場合に実施されます。,
進捗を確認する場面はどのような時ですか？,状況や条件に応じて、内容や影響範囲が確認されます。,
作業が保留される理由として考えられる点は何ですか？,状況や条件に応じて、内容や影響範囲が確認されます。,
関係者間で共有される情報には何がありますか？,部分的な対応を整理し、理解を深める点にあります。,
進捗を確認する場面はどのような時ですか？,判断や確認を行うための参考として利用されます。,
関係者間で共有される情報には何がありますか？,部分的な対応を整理し、理解を深める点にあります。,
この作業が必要になるのはどのような場合ですか？,判断や確認を行うための参考として利用されます。,
作業が保留される理由として考えられる点は何ですか？,必要な作業がすべて終了しているかどうかで判断されます。,
次の状況で一般的に確認される点は何ですか？,条件や前提の違いによって分かれることがあります。,
関係者間で共有される情報には何がありますか？,内容に変更が生じた場合などに行われます。,
この対応が必要とされる背景は何ですか？,状況や条件に応じて、内容や影響範囲が確認されます。,
業務を進める上で留意される事項は何ですか？,後から経緯や内容を確認できるようにするためです。,
この処理が完了したと判断される条件は何ですか？,条件や前提の違いによって分かれることがあります。,
作業が保留される理由として考えられる点は何ですか？,判断や確認を行うための参考として利用されます。,
関連情報を参照する目的は何ですか？,業務の区切りや節目となる場面で行われます。,
判断材料として用いられる要素は何ですか？,進捗状況や判断結果などが含まれます。,
判断材料として用いられる要素は何ですか？,後から経緯や内容を確認できるようにするためです。,
作業が保留される理由として考えられる点は何ですか？,内容を把握しやすくし、対応を整理するためです。,
関係者間で共有される情報には何がありますか？,必要性や要件が発生した場合に実施されます。,
この処理が完了したと判断される条件は何ですか？,内容を把握しやすくし、対応を整理するためです。,
業務を進める上で留意される事項は何ですか？,必要性や要件が発生した場合に実施されます。,
記録を残すことの一般的な意義は何ですか？,手順や前提条件を踏まえ、円滑に進めるための配慮が行われます。,
作業が保留される理由として考えられる点は何ですか？,追加情報の不足や判断待ちが理由となることがあります。,
作業内容を整理する目的は何ですか？,部分的な対応を整理し、理解を深める点にあります。,
作業内容を整理する目的は何ですか？,手順や前提条件を踏まえ、円滑に進めるための配慮が行われます。,
この作業が必要になるのはどのような場合ですか？,内容に変更が生じた場合などに行われます。,
対応が分岐する要因には何がありますか？,必要な作業がすべて終了しているかどうかで判断されます。,
この作業が必要になるのはどのような場合ですか？,内容に変更が生じた場合などに行われます。,
作業内容を整理する目的は何ですか？,業務の区切りや節目となる場面で行われます。,
この対応が必要とされる背景は何ですか？,部分的な対応を整理し、理解を深める点にあります。,
関連情報を参照する目的は何ですか？,内容に変更が生じた場合などに行われます。,
作業が保留される理由として考えられる点は何ですか？,後から経緯や内容を確認できるようにするためです。,
情報を更新するタイミングはどのように決まりますか？,判断や確認を行うための参考として利用されます。,
情報を更新するタイミングはどのように決まりますか？,業務上の必要性や状況変化が背景にあります。,
関連情報を参照する目的は何ですか？,条件や前提の違いによって分かれることがあります。,
次の状況で一般的に確認される点は何ですか？,後から経緯や内容を確認できるようにするためです。,
全体像を把握することの利点は何ですか？,業務の区切りや節目となる場面で行われます。,
記録を残すことの一般的な意義は何ですか？,業務の区切りや節目となる場面で行われます。,
関連情報を参照する目的は何ですか？,記録や確認結果などが用いられます。,
対応が分岐する要因には何がありますか？,内容を把握しやすくし、対応を整理するためです。,
次の状況で一般的に確認される点は何ですか？,判断や確認を行うための参考として利用されます。,
関係者間で共有される情報には何がありますか？,状況や条件に応じて、内容や影響範囲が確認されます。,
全体像を把握することの利点は何ですか？,状況や条件に応じて、内容や影響範囲が確認されます。,
情報を更新するタイミングはどのように決まりますか？,部分的な対応を整理し、理解を深める点にあります。,
作業内容を整理する目的は何ですか？,記録や確認結果などが用いられます。,
この処理が完了したと判断される条件は何ですか？,判断や確認を行うための参考として利用されます。,
作業が保留される理由として考えられる点は何ですか？,内容に変更が生じた場合などに行われます。,
判断材料として用いられる要素は何ですか？,必要性や要件が発生した場合に実施されます。,
判断材料として用いられる要素は何ですか？,内容に変更が生じた場合などに行われます。,
次の状況で一般的に確認される点は何ですか？,内容に変更が生じた場合などに行われます。,
情報を更新するタイミングはどのように決まりますか？,必要性や要件が発生した場合に実施されます。,
この対応が必要とされる背景は何ですか？,内容を把握しやすくし、対応を整理するためです。,
関係者間で共有される情報には何がありますか？,追加情報の不足や判断待ちが理由となることがあります。,
判断材料として用いられる要素は何ですか？,必要性や要件が発生した場合に実施されます。,
この対応が必要とされる背景は何ですか？,部分的な対応を整理し、理解を深める点にあります。,
この作業が必要になるのはどのような場合ですか？,判断や確認を行うための参考として利用されます。,
記録を残すことの一般的な意義は何ですか？,判断や確認を行うための参考として利用されます。,
記録を残すことの一般的な意義は何ですか？,業務の区切りや節目となる場面で行われます。,
情報を更新するタイミングはどのように決まりますか？,必要な作業がすべて終了しているかどうかで判断されます。,
対応が分岐する要因には何がありますか？,条件や前提の違いによって分かれることがあります。,
関連情報を参照する目的は何ですか？,手順や前提条件を踏まえ、円滑に進めるための配慮が行われます。,
次の状況で一般的に確認される点は何ですか？,追加情報の不足や判断待ちが理由となることがあります。,
全体像を把握することの利点は何ですか？,追加情報の不足や判断待ちが理由となることがあります。,
全体像を把握することの利点は何ですか？,状況や条件に応じて、内容や影響範囲が確認されます。,
関係者間で共有される情報には何がありますか？,条件や前提の違いによって分かれることがあります。,
対応が分岐する要因には何がありますか？,業務上の必要性や状況変化が背景にあります。,
対応が分岐する要因には何がありますか？,後から経緯や内容を確認できるようにするためです。,
この対応が必要とされる背景は何ですか？,業務の区切りや節目となる場面で行われます。,
記録を残すことの一般的な意義は何ですか？,判断や確認を行うための参考として利用されます。,
記録を残すことの一般的な意義は何ですか？,部分的な対応を整理し、理解を深める点にあります。,
この対応が必要とされる背景は何ですか？,判断や確認を行うための参考として利用されます。,
情報を更新するタイミングはどのように決まりますか？,業務の区切りや節目となる場面で行われます。,
記録を残すことの一般的な意義は何ですか？,業務上の必要性や状況変化が背景にあります。,
次の状況で一般的に確認される点は何ですか？,状況や条件に応じて、内容や影響範囲が確認されます。,
業務を進める上で留意される事項は何ですか？,内容を把握しやすくし、対応を整理するためです。,
この作業が必要になるのはどのような場合ですか？,判断や確認を行うための参考として利用されます。,
記録を残すことの一般的な意義は何ですか？,手順や前提条件を踏まえ、円滑に進めるための配慮が行われます。,
この作業が必要になるのはどのような場合ですか？,手順や前提条件を踏まえ、円滑に進めるための配慮が行われます。,
対応が分岐する要因には何がありますか？,内容を把握しやすくし、対応を整理するためです。,
情報を更新するタイミングはどのように決まりますか？,必要性や要件が発生した場合に実施されます。,
業務を進める上で留意される事項は何ですか？,判断や確認を行うための参考として利用されます。,
情報を更新するタイミングはどのように決まりますか？,業務の区切りや節目となる場面で行われます。,
全体像を把握することの利点は何ですか？,手順や前提条件を踏まえ、円滑に進めるための配慮が行われます。,
判断材料として用いられる要素は何ですか？,追加情報の不足や判断待ちが理由となることがあります。,
この処理が完了したと判断される条件は何ですか？,追加情報の不足や判断待ちが理由となることがあります。,
判断材料として用いられる要素は何ですか？,部分的な対応を整理し、理解を深める点にあります。,
この作業が必要になるのはどのような場合ですか？,必要な作業がすべて終了しているかどうかで判断されます。,
全体像を把握することの利点は何ですか？,条件や前提の違いによって分かれることがあります。,
進捗を確認する場面はどのような時ですか？,内容に変更が生じた場合などに行われます。,
記録を残すことの一般的な意義は何ですか？,条件や前提の違いによって分かれることがあります。,
作業内容を整理する目的は何ですか？,判断や確認を行うための参考として利用されます。,
対応が分岐する要因には何がありますか？,条件や前提の違いによって分かれることがあります。,
判断材料として用いられる要素は何ですか？,内容を把握しやすくし、対応を整理するためです。,
情報を更新するタイミングはどのように決まりますか？,必要な作業がすべて終了しているかどうかで判断されます。,
対応が分岐する要因には何がありますか？,必要な作業がすべて終了しているかどうかで判断されます。,
作業が保留される理由として考えられる点は何ですか？,必要な作業がすべて終了しているかどうかで判断されます。,
記録を残すことの一般的な意義は何ですか？,内容に変更が生じた場合などに行われます。,
この作業が必要になるのはどのような場合ですか？,業務の区切りや節目となる場面で行われます。,
作業内容を整理する目的は何ですか？,内容に変更が生じた場合などに行われます。,
関連情報を参照する目的は何ですか？,進捗状況や判断結果などが含まれます。,
判断材料として用いられる要素は何ですか？,業務の区切りや節目となる場面で行われます。,
次の状況で一般的に確認される点は何ですか？,業務上の必要性や状況変化が背景にあります。,
対応が分岐する要因には何がありますか？,判断や確認を行うための参考として利用されます。,
この作業が必要になるのはどのような場合ですか？,進捗状況や判断結果などが含まれます。,
対応が分岐する要因には何がありますか？,条件や前提の違いによって分かれることがあります。,
対応が分岐する要因には何がありますか？,業務上の必要性や状況変化が背景にあります。,
判断材料として用いられる要素は何ですか？,追加情報の不足や判断待ちが理由となることがあります。,
関係者間で共有される情報には何がありますか？,業務の区切りや節目となる場面で行われます。,
作業が保留される理由として考えられる点は何ですか？,状況や条件に応じて、内容や影響範囲が確認されます。,
全体像を把握することの利点は何ですか？,判断や確認を行うための参考として利用されます。,
この処理が完了したと判断される条件は何ですか？,後から経緯や内容を確認できるようにするためです。,
関係者間で共有される情報には何がありますか？,後から経緯や内容を確認できるようにするためです。,
進捗を確認する場面はどのような時ですか？,業務上の必要性や状況変化が背景にあります。,
次の状況で一般的に確認される点は何ですか？,後から経緯や内容を確認できるようにするためです。,
この処理が完了したと判断される条件は何ですか？,条件や前提の違いによって分かれることがあります。,
関係者間で共有される情報には何がありますか？,内容を把握しやすくし、対応を整理するためです。,
進捗を確認する場面はどのような時ですか？,記録や確認結果などが用いられます。,
作業内容を整理する目的は何ですか？,必要な作業がすべて終了しているかどうかで判断されます。,
進捗を確認する場面はどのような時ですか？,内容を把握しやすくし、対応を整理するためです。,
記録を残すことの一般的な意義は何ですか？,必要性や要件が発生した場合に実施されます。,
関連情報を参照する目的は何ですか？,状況や条件に応じて、内容や影響範囲が確認されます。,
判断材料として用いられる要素は何ですか？,状況や条件に応じて、内容や影響範囲が確認されます。,
記録を残すことの一般的な意義は何ですか？,業務の区切りや節目となる場面で行われます。,
関連情報を参照する目的は何ですか？,条件や前提の違いによって分かれることがあります。,
判断材料として用いられる要素は何ですか？,部分的な対応を整理し、理解を深める点にあります。,
全体像を把握することの利点は何ですか？,進捗状況や判断結果などが含まれます。,
関連情報を参照する目的は何ですか？,業務の区切りや節目となる場面で行われます。,
この処理が完了したと判断される条件は何ですか？,手順や前提条件を踏まえ、円滑に進めるための配慮が行われます。,
この処理が完了したと判断される条件は何ですか？,判断や確認を行うための参考として利用されます。,
関係者間で共有される情報には何がありますか？,追加情報の不足や判断待ちが理由となることがあります。,
判断材料として用いられる要素は何ですか？,業務の区切りや節目となる場面で行われます。,
情報を更新するタイミングはどのように決まりますか？,内容に変更が生じた場合などに行われます。,
関連情報を参照する目的は何ですか？,業務上の必要性や状況変化が背景にあります。,
関係者間で共有される情報には何がありますか？,記録や確認結果などが用いられます。,
この対応が必要とされる背景は何ですか？,手順や前提条件を踏まえ、円滑に進めるための配慮が行われます。,
作業が保留される理由として考えられる点は何ですか？,業務上の必要性や状況変化が背景にあります。,
関係者間で共有される情報には何がありますか？,部分的な対応を整理し、理解を深める点にあります。,
この作業が必要になるのはどのような場合ですか？,条件や前提の違いによって分かれることがあります。,
記録を残すことの一般的な意義は何ですか？,状況や条件に応じて、内容や影響範囲が確認されます。,
関連情報を参照する目的は何ですか？,部分的な対応を整理し、理解を深める点にあります。,
この処理が完了したと判断される条件は何ですか？,部分的な対応を整理し、理解を深める点にあります。,
全体像を把握することの利点は何ですか？,業務上の必要性や状況変化が背景にあります。,
業務を進める上で留意される事項は何ですか？,必要な作業がすべて終了しているかどうかで判断されます。,
関係者間で共有される情報には何がありますか？,内容に変更が生じた場合などに行われます。,
進捗を確認する場面はどのような時ですか？,必要性や要件が発生した場合に実施されます。,
この処理が完了したと判断される条件は何ですか？,業務上の必要性や状況変化が背景にあります。,
業務を進める上で留意される事項は何ですか？,条件や前提の違いによって分かれることがあります。,
作業が保留される理由として考えられる点は何ですか？,必要な作業がすべて終了しているかどうかで判断されます。,
この対応が必要とされる背景は何ですか？,記録や確認結果などが用いられます。,
関係者間で共有される情報には何がありますか？,判断や確認を行うための参考として利用されます。,
情報を更新するタイミングはどのように決まりますか？,記録や確認結果などが用いられます。,
進捗を確認する場面はどのような時ですか？,部分的な対応を整理し、理解を深める点にあります。,
この対応が必要とされる背景は何ですか？,追加情報の不足や判断待ちが理由となることがあります。,
この対応が必要とされる背景は何ですか？,手順や前提条件を踏まえ、円滑に進めるための配慮が行われます。,
記録を残すことの一般的な意義は何ですか？,必要性や要件が発生した場合に実施されます。,
判断材料として用いられる要素は何ですか？,追加情報の不足や判断待ちが理由となることがあります。,
作業内容を整理する目的は何ですか？,状況や条件に応じて、内容や影響範囲が確認されます。,
この作業が必要になるのはどのような場合ですか？,内容に変更が生じた場合などに行われます。,
情報を更新するタイミングはどのように決まりますか？,判断や確認を行うための参考として利用されます。,
関連情報を参照する目的は何ですか？,業務の区切りや節目となる場面で行われます。,
対応が分岐する要因には何がありますか？,後から経緯や内容を確認できるようにするためです。,
関連情報を参照する目的は何ですか？,部分的な対応を整理し、理解を深める点にあります。,
対応が分岐する要因には何がありますか？,状況や条件に応じて、内容や影響範囲が確認されます。,
関係者間で共有される情報には何がありますか？,状況や条件に応じて、内容や影響範囲が確認されます。,
作業内容を整理する目的は何ですか？,業務上の必要性や状況変化が背景にあります。,
関連情報を参照する目的は何ですか？,内容に変更が生じた場合などに行われます。,
関連情報を参照する目的は何ですか？,手順や前提条件を踏まえ、円滑に進めるための配慮が行われます。,
情報を更新するタイミングはどのように決まりますか？,業務の区切りや節目となる場面で行われます。,
進捗を確認する場面はどのような時ですか？,部分的な対応を整理し、理解を深める点にあります。,
対応が分岐する要因には何がありますか？,追加情報の不足や判断待ちが理由となることがあります。,
この対応が必要とされる背景は何ですか？,状況や条件に応じて、内容や影響範囲が確認されます。,
記録を残すことの一般的な意義は何ですか？,追加情報の不足や判断待ちが理由となることがあります。,
この処理が完了したと判断される条件は何ですか？,判断や確認を行うための参考として利用されます。,
全体像を把握することの利点は何ですか？,手順や前提条件を踏まえ、円滑に進めるための配慮が行われます。,
この対応が必要とされる背景は何ですか？,内容を把握しやすくし、対応を整理するためです。,
この対応が必要とされる背景は何ですか？,進捗状況や判断結果などが含まれます。,
判断材料として用いられる要素は何ですか？,部分的な対応を整理し、理解を深める点にあります。,
関連情報を参照する目的は何ですか？,記録や確認結果などが用いられます。,
この作業が必要になるのはどのような場合ですか？,後から経緯や内容を確認できるようにするためです。,
この対応が必要とされる背景は何ですか？,業務上の必要性や状況変化が背景にあります。,
作業内容を整理する目的は何ですか？,業務上の必要性や状況変化が背景にあります。,
全体像を把握することの利点は何ですか？,業務の区切りや節目となる場面で行われます。,
関連情報を参照する目的は何ですか？,状況や条件に応じて、内容や影響範囲が確認されます。,
情報を更新するタイミングはどのように決まりますか？,記録や確認結果などが用いられます。,
作業内容を整理する目的は何ですか？,追加情報の不足や判断待ちが理由となることがあります。,
この作業が必要になるのはどのような場合ですか？,条件や前提の違いによって分かれることがあります。,
業務を進める上で留意される事項は何ですか？,記録や確認結果などが用いられます。,
業務を進める上で留意される事項は何ですか？,条件や前提の違いによって分かれることがあります。,
関連情報を参照する目的は何ですか？,状況や条件に応じて、内容や影響範囲が確認されます。,
判断材料として用いられる要素は何ですか？,内容を把握しやすくし、対応を整理するためです。,
この処理が完了したと判断される条件は何ですか？,必要な作業がすべて終了しているかどうかで判断されます。,
関連情報を参照する目的は何ですか？,必要な作業がすべて終了しているかどうかで判断されます。,
次の状況で一般的に確認される点は何ですか？,業務上の必要性や状況変化が背景にあります。,
関係者間で共有される情報には何がありますか？,必要性や要件が発生した場合に実施されます。,
情報を更新するタイミングはどのように決まりますか？,内容を把握しやすくし、対応を整理するためです。,
記録を残すことの一般的な意義は何ですか？,後から経緯や内容を確認できるようにするためです。,
次の状況で一般的に確認される点は何ですか？,内容を把握しやすくし、対応を整理するためです。,
業務を進める上で留意される事項は何ですか？,条件や前提の違いによって分かれることがあります。,
記録を残すことの一般的な意義は何ですか？,判断や確認を行うための参考として利用されます。,
全体像を把握することの利点は何ですか？,部分的な対応を整理し、理解を深める点にあります。,
業務を進める上で留意される事項は何ですか？,条件や前提の違いによって分かれることがあります。,
全体像を把握することの利点は何ですか？,記録や確認結果などが用いられます。,
判断材料として用いられる要素は何ですか？,記録や確認結果などが用いられます。,
判断材料として用いられる要素は何ですか？,必要性や要件が発生した場合に実施されます。,
進捗を確認する場面はどのような時ですか？,部分的な対応を整理し、理解を深める点にあります。,
業務を進める上で留意される事項は何ですか？,内容に変更が生じた場合などに行われます。,
進捗を確認する場面はどのような時ですか？,内容に変更が生じた場合などに行われます。,
この対応が必要とされる背景は何ですか？,部分的な対応を整理し、理解を深める点にあります。,
関連情報を参照する目的は何ですか？,必要性や要件が発生した場合に実施されます。,
この処理が完了したと判断される条件は何ですか？,業務の区切りや節目となる場面で行われます。,
この処理が完了したと判断される条件は何ですか？,状況や条件に応じて、内容や影響範囲が確認されます。,
関係者間で共有される情報には何がありますか？,必要な作業がすべて終了しているかどうかで判断されます。,
記録を残すことの一般的な意義は何ですか？,条件や前提の違いによって分かれることがあります。,
業務を進める上で留意される事項は何ですか？,内容を把握しやすくし、対応を整理するためです。,
この作業が必要になるのはどのような場合ですか？,必要性や要件が発生した場合に実施されます。,
作業内容を整理する目的は何ですか？,手順や前提条件を踏まえ、円滑に進めるための配慮が行われます。,
この対応が必要とされる背景は何ですか？,状況や条件に応じて、内容や影響範囲が確認されます。,
判断材料として用いられる要素は何ですか？,状況や条件に応じて、内容や影響範囲が確認されます。,
この対応が必要とされる背景は何ですか？,必要な作業がすべて終了しているかどうかで判断されます。,
関係者間で共有される情報には何がありますか？,必要性や要件が発生した場合に実施されます。,
関係者間で共有される情報には何がありますか？,業務上の必要性や状況変化が背景にあります。,
次の状況で一般的に確認される点は何ですか？,必要な作業がすべて終了しているかどうかで判断されます。,
関係者間で共有される情報には何がありますか？,進捗状況や判断結果などが含まれます。,
対応が分岐する要因には何がありますか？,業務上の必要性や状況変化が背景にあります。,
判断材料として用いられる要素は何ですか？,業務上の必要性や状況変化が背景にあります。,
この処理が完了したと判断される条件は何ですか？,部分的な対応を整理し、理解を深める点にあります。,
この処理が完了したと判断される条件は何ですか？,追加情報の不足や判断待ちが理由となることがあります。,
進捗を確認する場面はどのような時ですか？,追加情報の不足や判断待ちが理由となることがあります。,
作業が保留される理由として考えられる点は何ですか？,必要性や要件が発生した場合に実施されます。,
作業が保留される理由として考えられる点は何ですか？,後から経緯や内容を確認できるようにするためです。,
この対応が必要とされる背景は何ですか？,状況や条件に応じて、内容や影響範囲が確認されます。,
この作業が必要になるのはどのような場合ですか？,条件や前提の違いによって分かれることがあります。,
関連情報を参照する目的は何ですか？,業務上の必要性や状況変化が背景にあります。,
記録を残すことの一般的な意義は何ですか？,内容を把握しやすくし、対応を整理するためです。,
業務を進める上で留意される事項は何ですか？,必要性や要件が発生した場合に実施されます。,
進捗を確認する場面はどのような時ですか？,業務上の必要性や状況変化が背景にあります。,
関連情報を参照する目的は何ですか？,業務上の必要性や状況変化が背景にあります。,
作業内容を整理する目的は何ですか？,内容に変更が生じた場合などに行われます。,
情報を更新するタイミングはどのように決まりますか？,手順や前提条件を踏まえ、円滑に進めるための配慮が行われます。,
対応が分岐する要因には何がありますか？,後から経緯や内容を確認できるようにするためです。,
この作業が必要になるのはどのような場合ですか？,判断や確認を行うための参考として利用されます。,
全体像を把握することの利点は何ですか？,判断や確認を行うための参考として利用されます。,
業務を進める上で留意される事項は何ですか？,判断や確認を行うための参考として利用されます。,
関連情報を参照する目的は何ですか？,業務上の必要性や状況変化が背景にあります。,
作業内容を整理する目的は何ですか？,必要な作業がすべて終了しているかどうかで判断されます。,
記録を残すことの一般的な意義は何ですか？,必要性や要件が発生した場合に実施されます。,
関連情報を参照する目的は何ですか？,記録や確認結果などが用いられます。,
この対応が必要とされる背景は何ですか？,後から経緯や内容を確認できるようにするためです。,
進捗を確認する場面はどのような時ですか？,判断や確認を行うための参考として利用されます。,
作業が保留される理由として考えられる点は何ですか？,必要な作業がすべて終了しているかどうかで判断されます。,
次の状況で一般的に確認される点は何ですか？,必要な作業がすべて終了しているかどうかで判断されます。,
記録を残すことの一般的な意義は何ですか？,判断や確認を行うための参考として利用されます。,
進捗を確認する場面はどのような時ですか？,後から経緯や内容を確認できるようにするためです。,
この処理が完了したと判断される条件は何ですか？,手順や前提条件を踏まえ、円滑に進めるための配慮が行われます。,
この対応が必要とされる背景は何ですか？,必要な作業がすべて終了しているかどうかで判断されます。,
対応が分岐する要因には何がありますか？,内容に変更が生じた場合などに行われます。,
この対応が必要とされる背景は何ですか？,業務の区切りや節目となる場面で行われます。,
この処理が完了したと判断される条件は何ですか？,状況や条件に応じて、内容や影響範囲が確認されます。,
関連情報を参照する目的は何ですか？,内容に変更が生じた場合などに行われます。,
関係者間で共有される情報には何がありますか？,部分的な対応を整理し、理解を深める点にあります。,
進捗を確認する場面はどのような時ですか？,内容に変更が生じた場合などに行われます。,
情報を更新するタイミングはどのように決まりますか？,追加情報の不足や判断待ちが理由となることがあります。,
記録を残すことの一般的な意義は何ですか？,必要性や要件が発生した場合に実施されます。,
この作業が必要になるのはどのような場合ですか？,手順や前提条件を踏まえ、円滑に進めるための配慮が行われます。,
関連情報を参照する目的は何ですか？,必要性や要件が発生した場合に実施されます。,
関係者間で共有される情報には何がありますか？,手順や前提条件を踏まえ、円滑に進めるための配慮が行われます。,
この処理が完了したと判断される条件は何ですか？,進捗状況や判断結果などが含まれます。,
進捗を確認する場面はどのような時ですか？,条件や前提の違いによって分かれることがあります。,
作業内容を整理する目的は何ですか？,業務の区切りや節目となる場面で行われます。,
作業が保留される理由として考えられる点は何ですか？,進捗状況や判断結果などが含まれます。,
業務を進める上で留意される事項は何ですか？,後から経緯や内容を確認できるようにするためです。,
業務を進める上で留意される事項は何ですか？,内容に変更が生じた場合などに行われます。,
進捗を確認する場面はどのような時ですか？,内容に変更が生じた場合などに行われます。,
この処理が完了したと判断される条件は何ですか？,業務上の必要性や状況変化が背景にあります。,
関係者間で共有される情報には何がありますか？,内容を把握しやすくし、対応を整理するためです。,
対応が分岐する要因には何がありますか？,業務の区切りや節目となる場面で行われます。,
業務を進める上で留意される事項は何ですか？,追加情報の不足や判断待ちが理由となることがあります。,
対応が分岐する要因には何がありますか？,内容を把握しやすくし、対応を整理するためです。,
関係者間で共有される情報には何がありますか？,条件や前提の違いによって分かれることがあります。,
関係者間で共有される情報には何がありますか？,記録や確認結果などが用いられます。,
この処理が完了したと判断される条件は何ですか？,手順や前提条件を踏まえ、円滑に進めるための配慮が行われます。,
進捗を確認する場面はどのような時ですか？,必要性や要件が発生した場合に実施されます。,
判断材料として用いられる要素は何ですか？,業務上の必要性や状況変化が背景にあります。,
対応が分岐する要因には何がありますか？,条件や前提の違いによって分かれることがあります。,
作業が保留される理由として考えられる点は何ですか？,判断や確認を行うための参考として利用されます。,
業務を進める上で留意される事項は何ですか？,状況や条件に応じて、内容や影響範囲が確認されます。,
作業内容を整理する目的は何ですか？,条件や前提の違いによって分かれることがあります。,
関連情報を参照する目的は何ですか？,内容に変更が生じた場合などに行われます。,
関係者間で共有される情報には何がありますか？,部分的な対応を整理し、理解を深める点にあります。,
作業が保留される理由として考えられる点は何ですか？,判断や確認を行うための参考として利用されます。,
判断材料として用いられる要素は何ですか？,判断や確認を行うための参考として利用されます。,
この処理が完了したと判断される条件は何ですか？,判断や確認を行うための参考として利用されます。,
判断材料として用いられる要素は何ですか？,状況や条件に応じて、内容や影響範囲が確認されます。,
この処理が完了したと判断される条件は何ですか？,手順や前提条件を踏まえ、円滑に進めるための配慮が行われます。,
次の状況で一般的に確認される点は何ですか？,必要な作業がすべて終了しているかどうかで判断されます。,
関係者間で共有される情報には何がありますか？,手順や前提条件を踏まえ、円滑に進めるための配慮が行われます。,
作業内容を整理する目的は何ですか？,必要な作業がすべて終了しているかどうかで判断されます。,
関連情報を参照する目的は何ですか？,進捗状況や判断結果などが含まれます。,
全体像を把握することの利点は何ですか？,部分的な対応を整理し、理解を深める点にあります。,
この処理が完了したと判断される条件は何ですか？,進捗状況や判断結果などが含まれます。,
全体像を把握することの利点は何ですか？,条件や前提の違いによって分かれることがあります。,
全体像を把握することの利点は何ですか？,追加情報の不足や判断待ちが理由となることがあります。,
この対応が必要とされる背景は何ですか？,必要な作業がすべて終了しているかどうかで判断されます。,
対応が分岐する要因には何がありますか？,業務の区切りや節目となる場面で行われます。,
この作業が必要になるのはどのような場合ですか？,手順や前提条件を踏まえ、円滑に進めるための配慮が行われます。,
対応が分岐する要因には何がありますか？,進捗状況や判断結果などが含まれます。,
この処理が完了したと判断される条件は何ですか？,進捗状況や判断結果などが含まれます。,
この作業が必要になるのはどのような場合ですか？,必要性や要件が発生した場合に実施されます。,
次の状況で一般的に確認される点は何ですか？,必要性や要件が発生した場合に実施されます。,
進捗を確認する場面はどのような時ですか？,状況や条件に応じて、内容や影響範囲が確認されます。,
記録を残すことの一般的な意義は何ですか？,進捗状況や判断結果などが含まれます。,
関係者間で共有される情報には何がありますか？,必要性や要件が発生した場合に実施されます。,
関係者間で共有される情報には何がありますか？,内容に変更が生じた場合などに行われます。,
全体像を把握することの利点は何ですか？,判断や確認を行うための参考として利用されます。,
関係者間で共有される情報には何がありますか？,必要性や要件が発生した場合に実施されます。,
判断材料として用いられる要素は何ですか？,条件や前提の違いによって分かれることがあります。,
作業が保留される理由として考えられる点は何ですか？,業務上の必要性や状況変化が背景にあります。,
情報を更新するタイミングはどのように決まりますか？,進捗状況や判断結果などが含まれます。,
この処理が完了したと判断される条件は何ですか？,必要な作業がすべて終了しているかどうかで判断されます。,
作業が保留される理由として考えられる点は何ですか？,業務の区切りや節目となる場面で行われます。,
作業内容を整理する目的は何ですか？,業務の区切りや節目となる場面で行われます。,
全体像を把握することの利点は何ですか？,判断や確認を行うための参考として利用されます。,
この対応が必要とされる背景は何ですか？,内容に変更が生じた場合などに行われます。,
対応が分岐する要因には何がありますか？,進捗状況や判断結果などが含まれます。,
情報を更新するタイミングはどのように決まりますか？,後から経緯や内容を確認できるようにするためです。,
この処理が完了したと判断される条件は何ですか？,後から経緯や内容を確認できるようにするためです。,
情報を更新するタイミングはどのように決まりますか？,条件や前提の違いによって分かれることがあります。,
この対応が必要とされる背景は何ですか？,内容に変更が生じた場合などに行われます。,
この作業が必要になるのはどのような場合ですか？,状況や条件に応じて、内容や影響範囲が確認されます。,
関係者間で共有される情報には何がありますか？,業務上の必要性や状況変化が背景にあります。,
進捗を確認する場面はどのような時ですか？,内容に変更が生じた場合などに行われます。,
この処理が完了したと判断される条件は何ですか？,条件や前提の違いによって分かれることがあります。,
作業内容を整理する目的は何ですか？,手順や前提条件を踏まえ、円滑に進めるための配慮が行われます。,
対応が分岐する要因には何がありますか？,条件や前提の違いによって分かれることがあります。,
この対応が必要とされる背景は何ですか？,内容に変更が生じた場合などに行われます。,
この対応が必要とされる背景は何ですか？,追加情報の不足や判断待ちが理由となることがあります。,
対応が分岐する要因には何がありますか？,追加情報の不足や判断待ちが理由となることがあります。,
対応が分岐する要因には何がありますか？,追加情報の不足や判断待ちが理由となることがあります。,
全体像を把握することの利点は何ですか？,業務上の必要性や状況変化が背景にあります。,
記録を残すことの一般的な意義は何ですか？,業務の区切りや節目となる場面で行われます。,
次の状況で一般的に確認される点は何ですか？,状況や条件に応じて、内容や影響範囲が確認されます。,
関連情報を参照する目的は何ですか？,記録や確認結果などが用いられます。,
作業内容を整理する目的は何ですか？,状況や条件に応じて、内容や影響範囲が確認されます。,
この対応が必要とされる背景は何ですか？,条件や前提の違いによって分かれることがあります。,
判断材料として用いられる要素は何ですか？,内容を把握しやすくし、対応を整理するためです。,
情報を更新するタイミングはどのように決まりますか？,状況や条件に応じて、内容や影響範囲が確認されます。,
この処理が完了したと判断される条件は何ですか？,必要な作業がすべて終了しているかどうかで判断されます。,
業務を進める上で留意される事項は何ですか？,業務の区切りや節目となる場面で行われます。,
作業内容を整理する目的は何ですか？,内容を把握しやすくし、対応を整理するためです。,
作業内容を整理する目的は何ですか？,進捗状況や判断結果などが含まれます。,
作業が保留される理由として考えられる点は何ですか？,内容に変更が生じた場合などに行われます。,
業務を進める上で留意される事項は何ですか？,業務上の必要性や状況変化が背景にあります。,
業務を進める上で留意される事項は何ですか？,部分的な対応を整理し、理解を深める点にあります。,
全体像を把握することの利点は何ですか？,判断や確認を行うための参考として利用されます。,
関係者間で共有される情報には何がありますか？,部分的な対応を整理し、理解を深める点にあります。,
作業が保留される理由として考えられる点は何ですか？,部分的な対応を整理し、理解を深める点にあります。,
関係者間で共有される情報には何がありますか？,後から経緯や内容を確認できるようにするためです。,
作業内容を整理する目的は何ですか？,必要な作業がすべて終了しているかどうかで判断されます。,
この対応が必要とされる背景は何ですか？,業務上の必要性や状況変化が背景にあります。,
作業内容を整理する目的は何ですか？,必要な作業がすべて終了しているかどうかで判断されます。,
情報を更新するタイミングはどのように決まりますか？,後から経緯や内容を確認できるようにするためです。,
全体像を把握することの利点は何ですか？,内容を把握しやすくし、対応を整理するためです。,
次の状況で一般的に確認される点は何ですか？,状況や条件に応じて、内容や影響範囲が確認されます。,
次の状況で一般的に確認される点は何ですか？,後から経緯や内容を確認できるようにするためです。,
作業内容を整理する目的は何ですか？,追加情報の不足や判断待ちが理由となることがあります。,
業務を進める上で留意される事項は何ですか？,記録や確認結果などが用いられます。,
判断材料として用いられる要素は何ですか？,内容を把握しやすくし、対応を整理するためです。,
この対応が必要とされる背景は何ですか？,部分的な対応を整理し、理解を深める点にあります。,
進捗を確認する場面はどのような時ですか？,追加情報の不足や判断待ちが理由となることがあります。,
対応が分岐する要因には何がありますか？,状況や条件に応じて、内容や影響範囲が確認されます。,
次の状況で一般的に確認される点は何ですか？,追加情報の不足や判断待ちが理由となることがあります。,
対応が分岐する要因には何がありますか？,部分的な対応を整理し、理解を深める点にあります。,
この処理が完了したと判断される条件は何ですか？,手順や前提条件を踏まえ、円滑に進めるための配慮が行われます。,
次の状況で一般的に確認される点は何ですか？,業務の区切りや節目となる場面で行われます。,
全体像を把握することの利点は何ですか？,進捗状況や判断結果などが含まれます。,
関係者間で共有される情報には何がありますか？,必要な作業がすべて終了しているかどうかで判断されます。,
この処理が完了したと判断される条件は何ですか？,追加情報の不足や判断待ちが理由となることがあります。,
次の状況で一般的に確認される点は何ですか？,状況や条件に応じて、内容や影響範囲が確認されます。,
進捗を確認する場面はどのような時ですか？,状況や条件に応じて、内容や影響範囲が確認されます。,
この処理が完了したと判断される条件は何ですか？,後から経緯や内容を確認できるようにするためです。,
次の状況で一般的に確認される点は何ですか？,手順や前提条件を踏まえ、円滑に進めるための配慮が行われます。,
業務を進める上で留意される事項は何ですか？,条件や前提の違いによって分かれることがあります。,
進捗を確認する場面はどのような時ですか？,手順や前提条件を踏まえ、円滑に進めるための配慮が行われます。,
全体像を把握することの利点は何ですか？,記録や確認結果などが用いられます。,
全体像を把握することの利点は何ですか？,必要性や要件が発生した場合に実施されます。,
この作業が必要になるのはどのような場合ですか？,内容を把握しやすくし、対応を整理するためです。,
作業が保留される理由として考えられる点は何ですか？,内容を把握しやすくし、対応を整理するためです。,
作業が保留される理由として考えられる点は何ですか？,進捗状況や判断結果などが含まれます。,
業務を進める上で留意される事項は何ですか？,内容に変更が生じた場合などに行われます。,
判断材料として用いられる要素は何ですか？,部分的な対応を整理し、理解を深める点にあります。,
判断材料として用いられる要素は何ですか？,部分的な対応を整理し、理解を深める点にあります。,
対応が分岐する要因には何がありますか？,部分的な対応を整理し、理解を深める点にあります。,
進捗を確認する場面はどのような時ですか？,必要な作業がすべて終了しているかどうかで判断されます。,
作業が保留される理由として考えられる点は何ですか？,記録や確認結果などが用いられます。,
この処理が完了したと判断される条件は何ですか？,手順や前提条件を踏まえ、円滑に進めるための配慮が行われます。,
この処理が完了したと判断される条件は何ですか？,業務の区切りや節目となる場面で行われます。,
判断材料として用いられる要素は何ですか？,必要性や要件が発生した場合に実施されます。,
関係者間で共有される情報には何がありますか？,内容を把握しやすくし、対応を整理するためです。,
進捗を確認する場面はどのような時ですか？,条件や前提の違いによって分かれることがあります。,
情報を更新するタイミングはどのように決まりますか？,状況や条件に応じて、内容や影響範囲が確認されます。,
この処理が完了したと判断される条件は何ですか？,条件や前提の違いによって分かれることがあります。,
この作業が必要になるのはどのような場合ですか？,状況や条件に応じて、内容や影響範囲が確認されます。,
判断材料として用いられる要素は何ですか？,後から経緯や内容を確認できるようにするためです。,
対応が分岐する要因には何がありますか？,記録や確認結果などが用いられます。,
記録を残すことの一般的な意義は何ですか？,条件や前提の違いによって分かれることがあります。,
関係者間で共有される情報には何がありますか？,内容に変更が生じた場合などに行われます。,
進捗を確認する場面はどのような時ですか？,後から経緯や内容を確認できるようにするためです。,
判断材料として用いられる要素は何ですか？,進捗状況や判断結果などが含まれます。,
作業内容を整理する目的は何ですか？,判断や確認を行うための参考として利用されます。,
業務を進める上で留意される事項は何ですか？,必要な作業がすべて終了しているかどうかで判断されます。,
判断材料として用いられる要素は何ですか？,記録や確認結果などが用いられます。,
関連情報を参照する目的は何ですか？,部分的な対応を整理し、理解を深める点にあります。,
進捗を確認する場面はどのような時ですか？,必要性や要件が発生した場合に実施されます。,
この対応が必要とされる背景は何ですか？,進捗状況や判断結果などが含まれます。,
この処理が完了したと判断される条件は何ですか？,必要性や要件が発生した場合に実施されます。,
この作業が必要になるのはどのような場合ですか？,状況や条件に応じて、内容や影響範囲が確認されます。,
業務を進める上で留意される事項は何ですか？,業務の区切りや節目となる場面で行われます。,
業務を進める上で留意される事項は何ですか？,判断や確認を行うための参考として利用されます。,
判断材料として用いられる要素は何ですか？,後から経緯や内容を確認できるようにするためです。,
関係者間で共有される情報には何がありますか？,業務上の必要性や状況変化が背景にあります。,
この対応が必要とされる背景は何ですか？,状況や条件に応じて、内容や影響範囲が確認されます。,
全体像を把握することの利点は何ですか？,後から経緯や内容を確認できるようにするためです。,
関係者間で共有される情報には何がありますか？,追加情報の不足や判断待ちが理由となることがあります。,
作業が保留される理由として考えられる点は何ですか？,追加情報の不足や判断待ちが理由となることがあります。,
この処理が完了したと判断される条件は何ですか？,条件や前提の違いによって分かれることがあります。,
この処理が完了したと判断される条件は何ですか？,必要な作業がすべて終了しているかどうかで判断されます。,
この処理が完了したと判断される条件は何ですか？,判断や確認を行うための参考として利用されます。,
記録を残すことの一般的な意義は何ですか？,内容を把握しやすくし、対応を整理するためです。,
この作業が必要になるのはどのような場合ですか？,状況や条件に応じて、内容や影響範囲が確認されます。,
作業内容を整理する目的は何ですか？,手順や前提条件を踏まえ、円滑に進めるための配慮が行われます。,
記録を残すことの一般的な意義は何ですか？,状況や条件に応じて、内容や影響範囲が確認されます。,
関係者間で共有される情報には何がありますか？,判断や確認を行うための参考として利用されます。,
この処理が完了したと判断される条件は何ですか？,判断や確認を行うための参考として利用されます。,
全体像を把握することの利点は何ですか？,状況や条件に応じて、内容や影響範囲が確認されます。,
この対応が必要とされる背景は何ですか？,条件や前提の違いによって分かれることがあります。,
判断材料として用いられる要素は何ですか？,内容に変更が生じた場合などに行われます。,
次の状況で一般的に確認される点は何ですか？,業務上の必要性や状況変化が背景にあります。,
情報を更新するタイミングはどのように決まりますか？,後から経緯や内容を確認できるようにするためです。,
関連情報を参照する目的は何ですか？,追加情報の不足や判断待ちが理由となることがあります。,
対応が分岐する要因には何がありますか？,追加情報の不足や判断待ちが理由となることがあります。,
作業が保留される理由として考えられる点は何ですか？,内容を把握しやすくし、対応を整理するためです。,
請求書とは何ですか？,請求書とは、商品やサービスの提供後に取引内容・金額・支払期限などを記載して顧客に支払いを依頼するための書類です。,
領収書とは何ですか？,領収書とは、代金や料金の支払いを受けたことを証明するために発行する書類で、支払い完了後に作成されます。,
請求書と領収書の違いは何ですか？,請求書は支払いを依頼するために支払い前（または同時）に発行されるのに対し、領収書は支払いが完了したことを証明するために支払い後に発行されます。,
請求書に必ず記載しなければならない項目は何ですか？,請求書には発行日・請求書番号・発行者（自社）の名称・住所・連絡先・宛先（顧客）の名称・住所・取引内容・数量・単価・金額・消費税額・合計金額・支払期限・振込先口座などが必須または推奨されます。,
インボイス制度とは何ですか？,インボイス制度（適格請求書等保存方式）とは、消費税の仕入税額控除を受けるために適格請求書（インボイス）の発行・保存を義務付ける制度で、2023年10月1日から日本で開始されました。,
適格請求書発行事業者とは？,適格請求書発行事業者とは、税務署に登録申請を行い認められた事業者のことで、登録番号（T＋13桁）を付した適格請求書を発行できる事業者です。,
請求書に登録番号を書かなければいけないのはいつからですか？,インボイス制度開始後の2023年10月1日以降、消費税の仕入税額控除を受けるためには適格請求書に登録番号の記載が必須です。,
源泉徴収とは何ですか？,源泉徴収とは、給与や報酬などの支払い時に支払者が所得税などをあらかじめ天引きして国に納付する制度です。,
源泉徴収が必要な報酬の例を教えてください。,源泉徴収が必要な報酬の例：弁護士・税理士・司法書士などの士業報酬、原稿料・講演料、デザイン料、フリーランスへの外注費（一定の場合）などです。,
源泉徴収税率は何％ですか？（士業報酬の場合）,士業報酬に対する源泉徴収税率は、支払金額100万円以下の場合10.21％、100万円超の場合は20.42％（所得税＋復興特別所得税）です。,
給与明細に記載される主な項目は何ですか？,給与明細には基本給・手当・残業代などの支給額、社会保険料・雇用保険料・所得税・住民税などの控除額、差引支給額（手取り）が記載されます。,
社会保険料とは何ですか？,社会保険料とは、健康保険・厚生年金保険・介護保険・雇用保険・労災保険などの公的保険にかかる保険料で、給与から天引きされるのが一般的です。,
住民税の特別徴収とは？,住民税の特別徴収とは、給与から毎月天引きして市区町村に納付する方式で、ほとんどの会社員がこの方法で住民税を支払っています。,
試算表とは何ですか？,試算表とは、一定期間の借方・貸方の合計や残高を集計した表で、貸借対照表・損益計算書の作成前に帳簿の正確性を確認するために使用されます。,
貸借対照表（B/S）と損益計算書（P/L）の違いは何ですか？,貸借対照表は決算日時点の資産・負債・純資産の状況を示し、損益計算書は一定期間の収益・費用・利益を示します。,
青色申告とは何ですか？,青色申告とは、複式簿記による帳簿作成を条件に、65万円の特別控除や赤字の繰越控除などの税制優遇を受けられる所得税・法人税の申告方法です。,
白色申告と青色申告の違いは何ですか？,白色申告は簡易な帳簿で済み控除額が少ないのに対し、青色申告は複式簿記が必要ですが最大65万円控除や損失繰越などのメリットがあります。,
消費税の課税事業者になる基準は何ですか？,基準期間（前々事業年度）の課税売上高が1000万円を超えると、翌々年度から消費税の課税事業者となります。,
免税事業者とは？,免税事業者とは、基準期間の課税売上高が1000万円以下で消費税の納税義務が免除されている事業者のことです。,
決算とは何ですか？,決算とは、一定期間（通常1年間）の取引を整理し帳簿を締め、損益計算書・貸借対照表を作成して業績と財政状態を確定する一連の手続きです。,
